SHOW,SEASON,CONTESTANT,ELIMINATION-1,ELIMINATION-2,ELIMINATION-3,ELIMINATION-4,ELIMINATION-5,ELIMINATION-6,ELIMINATION-7,ELIMINATION-8,ELIMINATION-9,ELIMINATION-10,DATES-1,DATES-2,DATES-3,DATES-4,DATES-5,DATES-6,DATES-7,DATES-8,DATES-9,DATES-10,conid,conid2
Bachelorette,13,13_BRYAN_A,R1,,,R,R,,R,,,W,,,D6,D13,D1,D7,D1,D1,D1,D1,_BRYAN_A,13_BRYAN_A
Bachelorette,13,13_PETER_K,,R,,,,R,R,,,E,,D1,D6,D13,D9,D7,D1,D1,D1,D1,_PETER_K,13_PETER_K
Bachelorette,13,13_ERIC_B,,,R,,,R,R,,E,,,D10,D8,D13,D9,D1,D3,D1,D1,,_ERIC_B,13_ERIC_B
Bachelorette,13,13_DEAN_U,,R,,R,,,R,E,,,,D8,D8,D1,D9,D7,D1,D1,,,_DEAN_U,13_DEAN_U
Bachelorette,13,13_ADAM_G,,,,,,,ED,,,,,D10,D8,D13,D9,D7,D3,,,,_ADAM_G,13_ADAM_G
Bachelorette,13,13_MATT_M,,,,,,,ED,,,,,D10,,D13,D9,D7,D3,,,,_MATT_M,13_MATT_M
Bachelorette,13,13_ALEX_B,,,R,,,E,,,,,,D10,D6,D13,D9,D7,,,,,_ALEX_B,13_ALEX_B
Bachelorette,13,13_WILL_G,,,,,R,ED,,,,,,D10,D6,D13,D9,D1,,,,,_WILL_G,13_WILL_G
Bachelorette,13,13_KENNY_L,,,,,R,ED,,,,,,D8,D8,D13,D2,D7,,,,,_KENNY_L,13_KENNY_L
Bachelorette,13,13_ANTHONY_B,,,R,,E,,,,,,,,D1,D13,D9,,,,,,_ANTHONY_B,13_ANTHONY_B
Bachelorette,13,13_JOSIAH_G,,R,,,E,,,,,,,D10,,D13,D9,,,,,,_JOSIAH_G,13_JOSIAH_G
Bachelorette,13,13_LEE_G,,,,,ED,,,,,,,D10,D8,D13,D2,,,,,,_LEE_G,13_LEE_G
Bachelorette,13,13_IGGY_R,,,,E,,,,,,,,D8,,D13,,,,,,,_IGGY_R,13_IGGY_R
Bachelorette,13,13_JONATHAN_T,,,,E,,,,,,,,D8,D6,D13,,,,,,,_JONATHAN_T,13_JONATHAN_T
Bachelorette,13,13_JACK_S,,,,ED,,,,,,,,D8,D8,D1,,,,,,,_JACK_S,13_JACK_S
Bachelorette,13,13_BRADY_E,,,E,,,,,,,,,,D8,,,,,,,,_BRADY_E,13_BRADY_E
Bachelorette,13,13_BRYCE_P,,,E,,,,,,,,,,D8,,,,,,,,_BRYCE_P,13_BRYCE_P
Bachelorette,13,13_DIGGY_M,,,E,,,,,,,,,D10,,,,,,,,,_DIGGY_M,13_DIGGY_M
Bachelorette,13,13_FRED_J,,,ED,,,,,,,,,D8,D6,,,,,,,,_FRED_J,13_FRED_J
Bachelorette,13,13_BLAKE_E,,E,,,,,,,,,,D8,,,,,,,,,_BLAKE_E,13_BLAKE_E
Bachelorette,13,13_JAMEY_K,,E,,,,,,,,,,D10,,,,,,,,,_JAMEY_K,13_JAMEY_K
Bachelorette,13,13_LUCAS_Y,,E,,,,,,,,,,D8,,,,,,,,,_LUCAS_Y,13_LUCAS_Y
Bachelorette,13,13_DEMARIO_J,,EU,,,,,,,,,,D10,,,,,,,,,_DEMARIO_J,13_DEMARIO_J
Bachelorette,13,13_BLAKE_K,E,,,,,,,,,,,,,,,,,,,,_BLAKE_K,13_BLAKE_K
Bachelorette,13,13_GRANT_H,E,,,,,,,,,,,,,,,,,,,,_GRANT_H,13_GRANT_H
Bachelorette,13,13_JEDIDIAH_B,E,,,,,,,,,,,,,,,,,,,,_JEDIDIAH_B,13_JEDIDIAH_B
Bachelorette,13,13_KYLE_S,E,,,,,,,,,,,,,,,,,,,,_KYLE_S,13_KYLE_S
Bachelorette,13,13_MICHAEL_B,E,,,,,,,,,,,,,,,,,,,,_MICHAEL_B,13_MICHAEL_B
Bachelorette,13,13_MILTON_L,E,,,,,,,,,,,,,,,,,,,,_MILTON_L,13_MILTON_L
Bachelorette,13,13_MOHIT_S,E,,,,,,,,,,,,,,,,,,,,_MOHIT_S,13_MOHIT_S
Bachelorette,13,13_ROB_H,E,,,,,,,,,,,,,,,,,,,,_ROB_H,13_ROB_H
Bachelorette,SEASON,ID,1,2,3,4,5,6,7,8,9,10,1,2,3,4,5,6,7,8,9,10,,SEASON
Bachelorette,12,12_JORDAN_R,R1,,,R,R,,,,,W,,D6,D12,D11,D1,D5,D1,D1,D1,D1,_JORDAN_R,12_JORDAN_R
Bachelorette,12,12_ROBBY_H,,,,,R,,R,,,E,,D10,,D11,D9,D5,D3,D1,D1,D1,_ROBBY_H,12_ROBBY_H
Bachelorette,12,12_CHASE_M,,,R,,,R,,,ED,,,,D1,D11,D9,D2,D3,D1,D1,,_CHASE_M,12_CHASE_M
Bachelorette,12,12_LUKE_P,,,,R,,R,,E,,,,D10,,D1,D9,D5,D1,D1,,,_LUKE_P,12_LUKE_P
Bachelorette,12,12_JAMES_T,,R,R,,,,E,,,,,D6,D1,D11,D9,D5,D3,,,,_JAMES_T,12_JAMES_T
Bachelorette,12,12_ALEX_W,,,,R,,,ED,,,,,D6,D12,D2,D9,D5,D1,,,,_ALEX_W,12_ALEX_W
Bachelorette,12,12_DEREK_P,,R,,,R,ED,,,,,,D1,,D11,D1,D2,,,,,_DEREK_P,12_DEREK_P
Bachelorette,12,12_WELLS_A,,R,,,,ED,,,,,,D10,D12,D11,D9,D1,,,,,_WELLS_A,12_WELLS_A
Bachelorette,12,12_VINCENT_V,,,,,E,,,,,,,D10,D12,D11,D9,,,,,,_VINCENT_V,12_VINCENT_V
Bachelorette,12,12_GRANT_K,,,,,E,,,,,,,D10,D12,D11,D9,,,,,,_GRANT_K,12_GRANT_K
Bachelorette,12,12_EVAN_B,,,R,,E,,,,,,,D10,D12,D11,D9,,,,,,_EVAN_B,12_EVAN_B
Bachelorette,12,12_JAMES_F,,,,E,,,,,,,,D10,D12,D11,,,,,,,_JAMES_F,12_JAMES_F
Bachelorette,12,12_DANIEL_M,,,,E,,,,,,,,D10,D12,D11,,,,,,,_DANIEL_M,12_DANIEL_M
Bachelorette,12,12_CHAD_J,,,,ED,,,,,,,,D6,D12,D2,,,,,,,_CHAD_J,12_CHAD_J
Bachelorette,12,12_NICK_B,,,E,,,,,,,,,D6,D12,,,,,,,,_NICK_B,12_NICK_B
Bachelorette,12,12_CHRISTIAN_B,,,E,,,,,,,,,D6,D12,,,,,,,,_CHRISTIAN_B,12_CHRISTIAN_B
Bachelorette,12,12_ALI_Z,,,E,,,,,,,,,D10,D12,,,,,,,,_ALI_Z,12_ALI_Z
Bachelorette,12,12_WILL_H,,E,,,,,,,,,,D10,,,,,,,,,_WILL_H,12_WILL_H
Bachelorette,12,12_JAMES_S,,E,,,,,,,,,,,,,,,,,,,_JAMES_S,12_JAMES_S
Bachelorette,12,12_BRANDON_H,,E,,,,,,,,,,,,,,,,,,,_BRANDON_H,12_BRANDON_H
Bachelorette,12,12_SAL_D,E,,,,,,,,,,,,,,,,,,,,_SAL_D,12_SAL_D
Bachelorette,12,12_PETER_M,E,,,,,,,,,,,,,,,,,,,,_PETER_M,12_PETER_M
Bachelorette,12,12_NICK_S,E,,,,,,,,,,,,,,,,,,,,_NICK_S,12_NICK_S
Bachelorette,12,12_JONATHAN_H,E,,,,,,,,,,,,,,,,,,,,_JONATHAN_H,12_JONATHAN_H
Bachelorette,12,12_JAKE_P,E,,,,,,,,,,,,,,,,,,,,_JAKE_P,12_JAKE_P
Bachelorette,12,12_COLEY_K,E,,,,,,,,,,,,,,,,,,,,_COLEY_K,12_COLEY_K
Bachelorette,SEASON,ID,1,2,3,4,5,6,7,8,9,10,1,2,3,4,5,6,7,8,9,10,,SEASON
Bachelorette,11,11_SHAWN_B,R1,,R,,R,,,,W,,,,D6,D8,D1,,D3,D1,D1,,_SHAWN_B,11_SHAWN_B
Bachelorette,11,11_NICK_V,,,,,R,R,,,E,,,,,,D9,D1,D3,D1,D1,,_NICK_V,11_NICK_V
Bachelorette,11,11_BEN_H,,,R,,R,,,E,,,,D8,D6,D5,D1,D5,D1,D1,,,_BEN_H,11_BEN_H
Bachelorette,11,11_JARED_H,,,,R,,R,E,,,,,D8,D6,D1,D9,D5,D1,D1,,,_JARED_H,11_JARED_H
Bachelorette,11,11_JOE_B,,,,,,R,ED,,,,,D7,D6,D5,,D2,D3,,,,_JOE_B,11_JOE_B
Bachelorette,11,11_CHRIS_S,,,,R,,,ED,,,,,D7,D6,D5,D9,D5,D1,,,,_CHRIS_S,11_CHRIS_S
Bachelorette,11,11_BEN_Z,,R,R,,,E,,,,,,D8,D1,D8,D9,D5,,,,,_BEN_Z,11_BEN_Z
Bachelorette,11,11_TANNER_T,,,,,,E,,,,,,D8,D6,D8,D9,D5,,,,,_TANNER_T,11_TANNER_T
Bachelorette,11,11_JJ_L,,R,,,,ED,,,,,,D7,D6,D8,D9,D2,,,,,_JJ_L,11_JJ_L
Bachelorette,11,11_JOSHUA_A,,,,,E,,,,,,,D7,D6,D5,D9,,,,,,_JOSHUA_A,11_JOSHUA_A
Bachelorette,11,11_JUSTIN_R,,,,R,E,,,,,,,D8,,D8,D9,,,,,,_JUSTIN_R,11_JUSTIN_R
Bachelorette,11,11_IAN_T,,,,,EQ,,,,,,,D7,,D5,D9,,,,,,_IAN_T,11_IAN_T
Bachelorette,11,11_COREY_S,,,,E,,,,,,,,D8,,D8,,,,,,,_COREY_S,11_COREY_S
Bachelorette,11,11_JONATHAN_H,,,,E,,,,,,,,D7,D6,D8,,,,,,,_JONATHAN_H,11_JONATHAN_H
Bachelorette,11,11_RYAN_B,,,,E,,,,,,,,,D6,D8,,,,,,,_RYAN_B,11_RYAN_B
Bachelorette,11,11_CLINT_A,,R,EU,,,,,,,,,D1,D6,,,,,,,,_CLINT_A,11_CLINT_A
Bachelorette,11,11_TONY_H,,,EQ,,,,,,,,,D7,D6,,,,,,,,_TONY_H,11_TONY_H
Bachelorette,11,11_CORY_S,,E,,,,,,,,,,,,,,,,,,,_CORY_S,11_CORY_S
Bachelorette,11,11_DANIEL_F,,E,,,,,,,,,,D8,,,,,,,,,_DANIEL_F,11_DANIEL_F
Bachelorette,11,11_KUPAH_J,,EU,,,,,,,,,,D8,,,,,,,,,_KUPAH_J,11_KUPAH_J
Bachelorette,11,11_BRADLEY_C,E,,,,,,,,,,,,,,,,,,,,_BRADLEY_C,11_BRADLEY_C
Bachelorette,11,11_DAVID_X,E,,,,,,,,,,,,,,,,,,,,_DAVID_X,11_DAVID_X
Bachelorette,11,11_JOSH_S,E,,,,,,,,,,,,,,,,,,,,_JOSH_S,11_JOSH_S
Bachelorette,11,11_SHAWN_E,E,,,,,,,,,,,,,,,,,,,,_SHAWN_E,11_SHAWN_E
Bachelorette,11,11_BRADY_T,EQ,,,,,,,,,,,,,,,,,,,,_BRADY_T,11_BRADY_T
Bachelorette,11,11_RYAN_M,EF,,,,,,,,,,,,,,,,,,,,_RYAN_M,11_RYAN_M
Bachelorette,SEASON,ID,1,2,3,4,5,6,7,8,9,10,1,2,3,4,5,6,7,8,9,10,,SEASON
Bachelorette,10,10_JOSH_M,,,R,,R,,,,,W,,D14,D12,,D1,D6,D1,D1,D1,D1,_JOSH_M,10_JOSH_M
Bachelorette,10,10_NICK_V,R1,,R,,,R,R,,,EU,,,D1,D6,D9,D1,D4,D1,D1,D1,_NICK_V,10_NICK_V
Bachelorette,10,10_CHRIS_S,,R,,,,R,,,ED,,,D1,,,D9,D6,D4,D1,D1,,_CHRIS_S,10_CHRIS_S
Bachelorette,10,10_MARCUS_G,,R,,R,,,,E,,,,D14,D12,D1,D9,D6,D1,D1,,,_MARCUS_G,10_MARCUS_G
Bachelorette,10,10_BRIAN_O,,,,R,R,,E,,,,,D14,D12,D6,D1,D6,D4,,,,_BRIAN_O,10_BRIAN_O
Bachelorette,10,10_DYLAN_P,,,,R,,,E,,,,,D14,,D1,D9,D6,D4,,,,_DYLAN_P,10_DYLAN_P
Bachelorette,10,10_JJ_O,,,R,,R,E,,,,,,,D1,,D9,D6,,,,,_JJ_O,10_JJ_O
Bachelorette,10,10_CODY_S,,,,,,ED,,,,,,D14,D12,D6,D9,D1,,,,,_CODY_S,10_CODY_S
Bachelorette,10,10_ANDREW_P,,,,,E,,,,,,,,D12,D6,D9,,,,,,_ANDREW_P,10_ANDREW_P
Bachelorette,10,10_MARQUEL_M,,,,,E,,,,,,,D14,D12,D6,D9,,,,,,_MARQUEL_M,10_MARQUEL_M
Bachelorette,10,10_PATRICK_J,,,,,E,,,,,,,D14,D12,,D9,,,,,,_PATRICK_J,10_PATRICK_J
Bachelorette,10,10_TASOS_H,,,,E,,,,,,,,D14,D12,,,,,,,,_TASOS_H,10_TASOS_H
Bachelorette,10,10_ERIC_H,,R,,EU,,,,,,,,D1,D12,D6,,,,,,,_ERIC_H,10_ERIC_H
Bachelorette,10,10_BRADLEY_W,,,E,,,,,,,,,D14,D12,,,,,,,,_BRADLEY_W,10_BRADLEY_W
Bachelorette,10,10_BRETT_M,,,E,,,,,,,,,D14,D12,,,,,,,,_BRETT_M,10_BRETT_M
Bachelorette,10,10_RON_W,,,EQ,,,,,,,,,D14,D12,,,,,,,,_RON_W,10_RON_W
Bachelorette,10,10_CARL_K,,E,,,,,,,,,,D14,,,,,,,,,_CARL_K,10_CARL_K
Bachelorette,10,10_CRAIG_M,,E,,,,,,,,,,D14,,,,,,,,,_CRAIG_M,10_CRAIG_M
Bachelorette,10,10_NICK_S,,E,,,,,,,,,,D14,,,,,,,,,_NICK_S,10_NICK_S
Bachelorette,10,10_EMIL_S,E,,,,,,,,,,,,,,,,,,,,_EMIL_S,10_EMIL_S
Bachelorette,10,10_JASON_L,E,,,,,,,,,,,,,,,,,,,,_JASON_L,10_JASON_L
Bachelorette,10,10_JOSH_B,E,,,,,,,,,,,,,,,,,,,,_JOSH_B,10_JOSH_B
Bachelorette,10,10_MIKE_C,E,,,,,,,,,,,,,,,,,,,,_MIKE_C,10_MIKE_C
Bachelorette,10,10_RUDIE_D,E,,,,,,,,,,,,,,,,,,,,_RUDIE_D,10_RUDIE_D
Bachelorette,10,10_STEVEN_W,E,,,,,,,,,,,,,,,,,,,,_STEVEN_W,10_STEVEN_W
Bachelorette,SEASON,ID,1,2,3,4,5,6,7,8,9,10,1,2,3,4,5,6,7,8,9,10,,SEASON
Bachelorette,9,09_CHRIS_S,,,R,,R,,,,,W,,,D10,D10,D1,D6,D1,D1,D1,D1,_CHRIS_S,9_CHRIS_S
Bachelorette,9,09_DREW_K,R1,,,,,R,R,,,ED,,D14,D10,D10,D7,D1,D2,D1,D1,D1,_DREW_K,9_DREW_K
Bachelorette,9,09_BROOKS_F,,R,,,R,,,,EQ,,,D1,D10,D10,D7,D6,D1,D1,,,_BROOKS_F,9_BROOKS_F
Bachelorette,9,09_ZAK_W,R1,,,R,,R,,E,,,,D14,D5,D10,D7,D1,D2,D1,,,_ZAK_W,9_ZAK_W
Bachelorette,9,09_MICHAEL_G,R1,,,,R,,E,,,,,D14,D10,D10,D2,D6,D1,,,,_MICHAEL_G,9_MICHAEL_G
Bachelorette,9,09_JAMES_C,,,R,R,,E,,,,,,D14,D5,D1,D7,D6,,,,,_JAMES_C,9_JAMES_C
Bachelorette,9,09_JUAN_G,,,,,,E,,,,,,D14,D5,D10,D7,D6,,,,,_JUAN_G,9_JUAN_G
Bachelorette,9,09_KASEY_S,,,R,,,E,,,,,,D14,D1,D10,D7,D6,,,,,_KASEY_S,9_KASEY_S
Bachelorette,9,09_MIKEY_T,,,,,E,,,,,,,D14,D10,D10,D7,,,,,,_MIKEY_T,9_MIKEY_T
Bachelorette,9,09_BEN_S,R1,R,,,ED,,,,,,,D14,D10,D10,D2,,,,,,_BEN_S,9_BEN_S
Bachelorette,9,09_BRYDEN_V,R1,R,,,EQ,,,,,,,D1,D5,D10,,,,,,,_BRYDEN_V,9_BRYDEN_V
Bachelorette,9,09_ZACK_K,,,,E,,,,,,,,D14,D10,,,,,,,,_ZACK_K,9_ZACK_K
Bachelorette,9,09_BRAD_M,,,,ED,,,,,,,,,D10,D1,,,,,,,_BRAD_M,9_BRAD_M
Bachelorette,9,09_BRANDON_A,,,E,,,,,,,,,D14,D10,,,,,,,,_BRANDON_A,9_BRANDON_A
Bachelorette,9,09_DAN_C,,,E,,,,,,,,,D14,D5,,,,,,,,_DAN_C,9_DAN_C
Bachelorette,9,09_BRIAN_J,,,EF,,,,,,,,,D14,D10,,,,,,,,_BRIAN_J,9_BRIAN_J
Bachelorette,9,09_NICK_M,R1,E,,,,,,,,,,D14,,,,,,,,,_NICK_M,9_NICK_M
Bachelorette,9,09_ROBERT_G,,E,,,,,,,,,,,,,,,,,,,_ROBERT_G,9_ROBERT_G
Bachelorette,9,09_WILL_R,,E,,,,,,,,,,D14,,,,,,,,,_WILL_R,9_WILL_R
Bachelorette,9,09_DIOGO_C,E,,,,,,,,,,,,,,,,,,,,_DIOGO_C,9_DIOGO_C
Bachelorette,9,09_LARRY_B,E,,,,,,,,,,,,,,,,,,,,_LARRY_B,9_LARRY_B
Bachelorette,9,09_MICAH_X,E,,,,,,,,,,,,,,,,,,,,_MICAH_X,9_MICAH_X
Bachelorette,9,09_MIKE_X,E,,,,,,,,,,,,,,,,,,,,_MIKE_X,9_MIKE_X
Bachelorette,9,09_NICK_R,E,,,,,,,,,,,,,,,,,,,,_NICK_R,9_NICK_R
Bachelorette,9,09_JONATHAN_V,EU,,,,,,,,,,,,,,,,,,,,_JONATHAN_V,9_JONATHAN_V
Bachelorette,SEASON,ID,1,2,3,4,5,6,7,8,9,10,1,2,3,4,5,6,7,8,9,10,,SEASON
Bachelorette,8,08_JEF_H,,R,,R,R,,,,,W,,D13,D12,D8,D1,D6,D1,D1,D1,D1,_JEF_H,8_JEF_H
Bachelorette,8,08_ARIE_L,,,R,,,,,,,ED,,,D1,D8,D8,D6,D1,D1,D1,,_ARIE_L,8_ARIE_L
Bachelorette,8,08_SEAN_L,,,R,,R,,R,,E,,,,D12,D8,D1,D6,D3,D1,D1,,_SEAN_L,8_SEAN_L
Bachelorette,8,08_CHRIS_B,,,R,,,R,,E,,,,D13,D1,D8,D8,D6,D3,D1,,,_CHRIS_B,8_CHRIS_B
Bachelorette,8,08_JOHN_W,,,,R,,,E,,,,,D13,D12,D2,D8,D6,D1,,,,_JOHN_W,8_JOHN_W
Bachelorette,8,08_DOUG_C,R1,,,R,,,ED,,,,,,D12,D1,D8,D6,D3,,,,_DOUG_C,8_DOUG_C
Bachelorette,8,08_RYAN_B,,R,,,,ED,,,,,,D1,D12,D8,D8,D1,,,,,_RYAN_B,8_RYAN_B
Bachelorette,8,08_TRAVIS_P,,,,,,ED,,,,,,,D12,D8,D8,D1,,,,,_TRAVIS_P,8_TRAVIS_P
Bachelorette,8,08_ALEJANDRO_V,,,,,E,,,,,,,D13,D12,,D8,,,,,,_ALEJANDRO_V,8_ALEJANDRO_V
Bachelorette,8,08_KALON_M,,,,,ED,,,,,,,D13,,D8,D8,,,,,,_KALON_M,8_KALON_M
Bachelorette,8,08_CHARLIE_G,,,,E,,,,,,,,D13,D12,D8,,,,,,,_CHARLIE_G,8_CHARLIE_G
Bachelorette,8,08_MICHAEL_N,,,,E,,,,,,,,D13,D12,,,,,,,,_MICHAEL_N,8_MICHAEL_N
Bachelorette,8,08_NATHAN_B,,,,ED,,,,,,,,D13,,D2,,,,,,,_NATHAN_B,8_NATHAN_B
Bachelorette,8,08_STEVIE_A,,,E,,,,,,,,,D13,D12,,,,,,,,_STEVIE_A,8_STEVIE_A
Bachelorette,8,08_ALESSANDRO_G,,,EU,,,,,,,,,D13,D12,,,,,,,,_ALESSANDRO_G,8_ALESSANDRO_G
Bachelorette,8,08_TONY_P,,,ED,,,,,,,,,D13,D12,,,,,,,,_TONY_P,8_TONY_P
Bachelorette,8,08_AARON_M,,E,,,,,,,,,,D13,,,,,,,,,_AARON_M,8_AARON_M
Bachelorette,8,08_KYLE_D,,E,,,,,,,,,,D13,,,,,,,,,_KYLE_D,8_KYLE_D
Bachelorette,8,08_JOE_G,,ED,,,,,,,,,,D1,,,,,,,,,_JOE_G,8_JOE_G
Bachelorette,8,08_BRENT_R,E,,,,,,,,,,,,,,,,,,,,_BRENT_R,8_BRENT_R
Bachelorette,8,08_DAVID_H,E,,,,,,,,,,,,,,,,,,,,_DAVID_H,8_DAVID_H
Bachelorette,8,08_JACKSON_L,E,,,,,,,,,,,,,,,,,,,,_JACKSON_L,8_JACKSON_L
Bachelorette,8,08_JEANPAUL_L,E,,,,,,,,,,,,,,,,,,,,_JEANPAUL_L,8_JEANPAUL_L
Bachelorette,8,08_LERONE_A,E,,,,,,,,,,,,,,,,,,,,_LERONE_A,8_LERONE_A
Bachelorette,8,08_RANDY_W,E,,,,,,,,,,,,,,,,,,,,_RANDY_W,8_RANDY_W
Bachelorette,SEASON,ID,1,2,3,4,5,6,7,8,9,10,1,2,3,4,5,6,7,8,9,10,,SEASON
Bachelorette,7,07_JP_R,,,R,,,R,R,,,W,,,D1,D10,D8,D1,D3,D1,D1,D1,_JP_R,7_JP_R
Bachelorette,7,07_BEN_F,,,,R,R,,,,,E,,D6,D10,D10,D1,D6,D1,D1,D1,D1,_BEN_F,7_BEN_F
Bachelorette,7,07_CONSTANTINE_T,,,,R,,,,,EQ,,,,,D1,D8,D6,D1,D1,D1,,_CONSTANTINE_T,7_CONSTANTINE_T
Bachelorette,7,07_AMES_B,,,,R,,,,E,,,,,D10,D1,D8,D6,D3,D1,,,_AMES_B,7_AMES_B
Bachelorette,7,07_LUCAS_D,,,,,,R,E,,,,,D6,D10,D10,D8,D1,D3,,,,_LUCAS_D,7_LUCAS_D
Bachelorette,7,07_RYAN_P,R1,,R,,,R,ED,,,,,,D10,D10,D8,D6,D1,,,,_RYAN_P,7_RYAN_P
Bachelorette,7,07_BLAKE_J,,,,,R,E,,,,,,D6,D10,D10,D8,D6,,,,,_BLAKE_J,7_BLAKE_J
Bachelorette,7,07_RYAN_M,,R,,,,EQ,,,,,,D1,,D10,D8,D6,,,,,_RYAN_M,7_RYAN_M
Bachelorette,7,07_NICK_P,,,,,E,,,,,,,D6,D10,D10,D8,,,,,,_NICK_P,7_NICK_P
Bachelorette,7,07_WILLIAM_H,,R,,,ED,,,,,,,D1,D10,D10,D2,,,,,,_WILLIAM_H,7_WILLIAM_H
Bachelorette,7,07_BEN_C,,,R,,ED,,,,,,,,D1,D10,D2,,,,,,_BEN_C,7_BEN_C
Bachelorette,7,07_WEST_L,,,,E,,,,,,,,D6,,D10,,,,,,,_WEST_L,7_WEST_L
Bachelorette,7,07_CHRIS_D,,,E,,,,,,,,,,D10,,,,,,,,_CHRIS_D,7_CHRIS_D
Bachelorette,7,07_JEFF_M,,,E,,,,,,,,,,D10,,,,,,,,_JEFF_M,7_JEFF_M
Bachelorette,7,07_BENTLEY_W,,R,EQ,,,,,,,,,D6,D10,,,,,,,,_BENTLEY_W,7_BENTLEY_W
Bachelorette,7,07_MATT_C,,E,,,,,,,,,,,,,,,,,,,_MATT_C,7_MATT_C
Bachelorette,7,07_RYAN_M,,E,,,,,,,,,,,,,,,,,,,_RYAN_M,7_RYAN_M
Bachelorette,7,07_STEPHEN_D,,E,,,,,,,,,,,,,,,,,,,_STEPHEN_D,7_STEPHEN_D
Bachelorette,7,07_ANTHONY_S,E,,,,,,,,,,,,,,,,,,,,_ANTHONY_S,7_ANTHONY_S
Bachelorette,7,07_CHRIS_M,E,,,,,,,,,,,,,,,,,,,,_CHRIS_M,7_CHRIS_M
Bachelorette,7,07_FRANK_C,E,,,,,,,,,,,,,,,,,,,,_FRANK_C,7_FRANK_C
Bachelorette,7,07_JON_E,E,,,,,,,,,,,,,,,,,,,,_JON_E,7_JON_E
Bachelorette,7,07_MICHAEL_B,E,,,,,,,,,,,,,,,,,,,,_MICHAEL_B,7_MICHAEL_B
Bachelorette,7,07_ROB_D,E,,,,,,,,,,,,,,,,,,,,_ROB_D,7_ROB_D
Bachelorette,7,07_TIM_M,EU,,,,,,,,,,,,,,,,,,,,_TIM_M,7_TIM_M
Bachelorette,SEASON,ID,1,2,3,4,5,6,7,8,9,10,1,2,3,4,5,6,7,8,9,10,,SEASON
Bachelorette,6,06_ROBERT_M,R1,,R,,,,,,,W,,,D1,D7,D6,D4,D1,D1,D1,D1,_ROBERT_M,6_ROBERT_M
Bachelorette,6,06_CHRIS_L,,,,R,,,,,,ED,,,D9,D1,D6,D4,D1,D1,D1,D1,_CHRIS_L,6_CHRIS_L
Bachelorette,6,06_FRANK_N,,R,,,,R,,,EF,,,D1,D9,D7,D6,D1,D2,D1,D1,,_FRANK_N,6_FRANK_N
Bachelorette,6,06_KIRK_D,,,R,,R,,,E,,,,D12,D9,D7,D1,D4,D1,D1,,,_KIRK_D,6_KIRK_D
Bachelorette,6,06_TY_B,,R,,,R,R,E,,,,,D12,,D7,D6,D1,D2,,,,_TY_B,6_TY_B
Bachelorette,6,06_CRAIG_R,,,,,,E,,,,,,D12,D9,D7,D6,D4,,,,,_CRAIG_R,6_CRAIG_R
Bachelorette,6,06_JUSTIN_R,,,,,R,EF,,,,,,D12,D9,,D2,,,,,,_JUSTIN_R,6_JUSTIN_R
Bachelorette,6,06_CHRIS_N,,,,,E,,,,,,,D12,D9,,D6,,,,,,_CHRIS_N,6_CHRIS_N
Bachelorette,6,06_KASEY_K,,,,,ED,,,,,,,D12,,D1,D2,,,,,,_KASEY_K,6_KASEY_K
Bachelorette,6,06_JESSE_B,,R,,E,,,,,,,,D1,D9,D7,,,,,,,_JESSE_B,6_JESSE_B
Bachelorette,6,06_JONATHAN_N,,,,E,,,,,,,,D12,D9,D7,,,,,,,_JONATHAN_N,6_JONATHAN_N
Bachelorette,6,06_JOHN_C,,,E,,,,,,,,,,D9,,,,,,,,_JOHN_C,6_JOHN_C
Bachelorette,6,06_STEVE_K,,,E,,,,,,,,,D12,,,,,,,,,_STEVE_K,6_STEVE_K
Bachelorette,6,06_HUNTER_W,,,ED,,,,,,,,,D12,D1,,,,,,,,_HUNTER_W,6_HUNTER_W
Bachelorette,6,06_CHRIS_H,,E,,,,,,,,,,D12,,,,,,,,,_CHRIS_H,6_CHRIS_H
Bachelorette,6,06_CRAIG_M,,E,,,,,,,,,,D12,,,,,,,,,_CRAIG_M,6_CRAIG_M
Bachelorette,6,06_TYLER_V,,E,,,,,,,,,,D12,,,,,,,,,_TYLER_V,6_TYLER_V
Bachelorette,6,06_DEREK_X,E,,,,,,,,,,,,,,,,,,,,_DEREK_X,6_DEREK_X
Bachelorette,6,06_DERRICK_S,E,,,,,,,,,,,,,,,,,,,,_DERRICK_S,6_DERRICK_S
Bachelorette,6,06_JASON_W,E,,,,,,,,,,,,,,,,,,,,_JASON_W,6_JASON_W
Bachelorette,6,06_JAY_R,E,,,,,,,,,,,,,,,,,,,,_JAY_R,6_JAY_R
Bachelorette,6,06_JOHN_N,E,,,,,,,,,,,,,,,,,,,,_JOHN_N,6_JOHN_N
Bachelorette,6,06_KYLE_H,E,,,,,,,,,,,,,,,,,,,,_KYLE_H,6_KYLE_H
Bachelorette,6,06_PHIL_K,E,,,,,,,,,,,,,,,,,,,,_PHIL_K,6_PHIL_K
Bachelorette,6,06_TYLER_M,E,,,,,,,,,,,,,,,,,,,,_TYLER_M,6_TYLER_M
Bachelorette,SEASON,ID,1,2,3,4,5,6,7,8,9,10,1,2,3,4,5,6,7,8,9,10,,SEASON
Bachelorette,5,05_ED_S,,,R,,,,,,,W,,D8,D1,D10,D8,,D1,D1,D1,D1,_ED_S,5_ED_S
Bachelorette,5,05_KIPTYN_L,,,,R,,R,,,,E,,D7,D11,D1,D8,D6,D1,D1,D1,D1,_KIPTYN_L,5_KIPTYN_L
Bachelorette,5,05_REID_R,,,,,,R,,,E,,,,D11,D10,D8,D1,D1,D1,D1,,_REID_R,5_REID_R
Bachelorette,5,05_WES_H,,R,,,,,,E,,,,D8,D11,D10,D8,D6,D1,D1,,,_WES_H,5_WES_H
Bachelorette,5,05_JESSE_K,,,,R,R,,E,,,,,D7,,D10,D1,D6,D1,,,,_JESSE_K,5_JESSE_K
Bachelorette,5,05_MICHAEL_S,,,,,R,,E,,,,,D8,D11,D10,D1,D6,D1,,,,_MICHAEL_S,5_MICHAEL_S
Bachelorette,5,05_JAKE_P,,R,,,,E,,,,,,D1,,D10,D8,D6,,,,,_JAKE_P,5_JAKE_P
Bachelorette,5,05_TANNER_P,,,,,,E,,,,,,D8,D11,D10,D8,D6,,,,,_TANNER_P,5_TANNER_P
Bachelorette,5,05_ROBBY_D,,,R,,,ED,,,,,,,D11,D10,D8,D1,,,,,_ROBBY_D,5_ROBBY_D
Bachelorette,5,05_MARK_H,,,,R,E,,,,,,,D7,D11,D2,D8,,,,,,_MARK_H,5_MARK_H
Bachelorette,5,05_DAVID_G,R1,,,E,,,,,,,,D7,,D10,,,,,,,_DAVID_G,5_DAVID_G
Bachelorette,5,05_JUAN_B,,R,,E,,,,,,,,D7,D11,D10,,,,,,,_JUAN_B,5_JUAN_B
Bachelorette,5,05_MIKE_S,,R,,ED,,,,,,,,D7,D11,D2,,,,,,,_MIKE_S,5_MIKE_S
Bachelorette,5,05_BRAD_S,,,E,,,,,,,,,D8,D11,,,,,,,,_BRAD_S,5_BRAD_S
Bachelorette,5,05_TANNER_F,,,E,,,,,,,,,,D11,,,,,,,,_TANNER_F,5_TANNER_F
Bachelorette,5,05_SASHA_P,,,ED,,,,,,,,,D8,D1,,,,,,,,_SASHA_P,5_SASHA_P
Bachelorette,5,05_BRIAN_D,,E,,,,,,,,,,D8,,,,,,,,,_BRIAN_D,5_BRIAN_D
Bachelorette,5,05_JULIEN_H,,E,,,,,,,,,,,,,,,,,,,_JULIEN_H,5_JULIEN_H
Bachelorette,5,05_MATHUE_J,,E,,,,,,,,,,D8,,,,,,,,,_MATHUE_J,5_MATHUE_J
Bachelorette,5,05_SIMON_A,,E,,,,,,,,,,D7,,,,,,,,,_SIMON_A,5_SIMON_A
Bachelorette,5,05_ADAM_D,E,,,,,,,,,,,,,,,,,,,,_ADAM_D,5_ADAM_D
Bachelorette,5,05_BRIAN_V,E,,,,,,,,,,,,,,,,,,,,_BRIAN_V,5_BRIAN_V
Bachelorette,5,05_BRYCE_H,E,,,,,,,,,,,,,,,,,,,,_BRYCE_H,5_BRYCE_H
Bachelorette,5,05_CALEB_K,E,,,,,,,,,,,,,,,,,,,,_CALEB_K,5_CALEB_K
Bachelorette,5,05_GREG_B,E,,,,,,,,,,,,,,,,,,,,_GREG_B,5_GREG_B
Bachelorette,5,05_JOHN_H,E,,,,,,,,,,,,,,,,,,,,_JOHN_H,5_JOHN_H
Bachelorette,5,05_JOHN_P,E,,,,,,,,,,,,,,,,,,,,_JOHN_P,5_JOHN_P
Bachelorette,5,05_JOSH_Y,E,,,,,,,,,,,,,,,,,,,,_JOSH_Y,5_JOSH_Y
Bachelorette,5,05_KYLE_Y,E,,,,,,,,,,,,,,,,,,,,_KYLE_Y,5_KYLE_Y
Bachelorette,5,05_STEPHEN_R,E,,,,,,,,,,,,,,,,,,,,_STEPHEN_R,5_STEPHEN_R
Bachelorette,SEASON,ID,1,2,3,4,5,6,7,8,9,10,1,2,3,4,5,6,7,8,9,10,,SEASON
Bachelorette,4,04_JESSE_C,R1,,,R,,,,W,,,,D7,D10,D1,D4,D1,D1,D1,,,_JESSE_C,4_JESSE_C
Bachelorette,4,04_JASON_M,,,R,,,,,E,,,,D7,D1,D6,D4,D1,D1,D1,,,_JASON_M,4_JASON_M
Bachelorette,4,04_JEREMY_A,R1,R,,,,,E,,,,,D7,D10,D6,D1,D1,D1,,,,_JEREMY_A,4_JEREMY_A
Bachelorette,4,04_GRAHAM_B,,R,,,,E,,,,,,D1,D10,D6,D4,D1,,,,,_GRAHAM_B,4_GRAHAM_B
Bachelorette,4,04_SEAN_R,,,,R,E,,,,,,,D7,D10,D6,D1,,,,,,_SEAN_R,4_SEAN_R
Bachelorette,4,04_BLAINE_T,,,,,E,,,,,,,D7,D10,D6,D4,,,,,,_BLAINE_T,4_BLAINE_T
Bachelorette,4,04_BRIAN_T,,,,E,,,,,,,,D7,D10,D6,,,,,,,_BRIAN_T,4_BRIAN_T
Bachelorette,4,04_FREDERICK_G,,,R,ED,,,,,,,,D7,D10,D2,,,,,,,_FREDERICK_G,4_FREDERICK_G
Bachelorette,4,04_ROBERT_F,,,R,ED,,,,,,,,D7,D10,D2,,,,,,,_ROBERT_F,4_ROBERT_F
Bachelorette,4,04_PAUL_B,,R,E,,,,,,,,,D7,D10,,,,,,,,_PAUL_B,4_PAUL_B
Bachelorette,4,04_RONALD_M,,,E,,,,,,,,,D7,D10,,,,,,,,_RONALD_M,4_RONALD_M
Bachelorette,4,04_RICHARD_M,R1,,ED,,,,,,,,,D7,D1,,,,,,,,_RICHARD_M,4_RICHARD_M
Bachelorette,4,04_CHRISTOPHER_B,,E,,,,,,,,,,D7,,,,,,,,,_CHRISTOPHER_B,4_CHRISTOPHER_B
Bachelorette,4,04_ERIC_P,,E,,,,,,,,,,D7,,,,,,,,,_ERIC_P,4_ERIC_P
Bachelorette,4,04_RYAN_H,,E,,,,,,,,,,D7,,,,,,,,,_RYAN_H,4_RYAN_H
Bachelorette,4,04_BRIAN_W,E,,,,,,,,,,,,,,,,,,,,_BRIAN_W,4_BRIAN_W
Bachelorette,4,04_CHANDLER_F,E,,,,,,,,,,,,,,,,,,,,_CHANDLER_F,4_CHANDLER_F
Bachelorette,4,04_DONATO_C,E,,,,,,,,,,,,,,,,,,,,_DONATO_C,4_DONATO_C
Bachelorette,4,04_GREGORY_M,E,,,,,,,,,,,,,,,,,,,,_GREGORY_M,4_GREGORY_M
Bachelorette,4,04_JEFFREY_H,E,,,,,,,,,,,,,,,,,,,,_JEFFREY_H,4_JEFFREY_H
Bachelorette,4,04_JONATHAN_K,E,,,,,,,,,,,,,,,,,,,,_JONATHAN_K,4_JONATHAN_K
Bachelorette,4,04_LUKE_H,E,,,,,,,,,,,,,,,,,,,,_LUKE_H,4_LUKE_H
Bachelorette,4,04_PATRICK_C,E,,,,,,,,,,,,,,,,,,,,_PATRICK_C,4_PATRICK_C
Bachelorette,4,04_PATRICK_D,E,,,,,,,,,,,,,,,,,,,,_PATRICK_D,4_PATRICK_D
Bachelorette,4,04_SPERO_S,E,,,,,,,,,,,,,,,,,,,,_SPERO_S,4_SPERO_S
Bachelorette,SEASON,ID,1,2,3,4,5,6,7,8,9,10,1,2,3,4,5,6,7,8,9,10,,SEASON
Bachelorette,3,03_JERRY_F,,,,,,,,W,,,,D7,D6,D1,D1,D1,D1,,,,_JERRY_F,3_JERRY_F
Bachelorette,3,03_JOHN PAUL_M,,,,,,,E,,,,,D7,D1,D4,D1,D1,D1,,,,_JOHN PAUL_M,3_JOHN PAUL_M
Bachelorette,3,03_RYAN_SH,,,,,,E,,,,,,D7,D6,D1,D1,D1,,,,,_RYAN_SH,3_RYAN_SH
Bachelorette,3,03_WENDELL_J,,,,,E,,,,,,,D7,D6,D4,D1,,,,,,_WENDELL_J,3_WENDELL_J
Bachelorette,3,03_FABRICE_L,,,,EQ,,,,,,,,D7,D1,D4,,,,,,,_FABRICE_L,3_FABRICE_L
Bachelorette,3,03_BEN_S,,,,E,,,,,,,,D7,D6,D4,,,,,,,_BEN_S,3_BEN_S
Bachelorette,3,03_JOSH_C,,,E,,,,,,,,,D7,D6,,,,,,,,_JOSH_C,3_JOSH_C
Bachelorette,3,03_KEITH,R1,,E,,,,,,,,,D1,D6,,,,,,,,_KEITH,3_KEITH
Bachelorette,3,03_A.W.,,E,,,,,,,,,,D7,,,,,,,,,_A.W.,3_A.W.
Bachelorette,3,03_JASON_I,,E,,,,,,,,,,D7,,,,,,,,,_JASON_I,3_JASON_I
Bachelorette,3,03_MARK,,E,,,,,,,,,,D7,,,,,,,,,_MARK,3_MARK
Bachelorette,3,03_MATT_M,,E,,,,,,,,,,D7,,,,,,,,,_MATT_M,3_MATT_M
Bachelorette,3,03_MICHAEL_F,,E,,,,,,,,,,D7,,,,,,,,,_MICHAEL_F,3_MICHAEL_F
Bachelorette,3,03_RYAN_SM,,E,,,,,,,,,,D7,,,,,,,,,_RYAN_SM,3_RYAN_SM
Bachelorette,3,03_STU_L,,E,,,,,,,,,,D7,,,,,,,,,_STU_L,3_STU_L
Bachelorette,3,03_ANDREW,E,,,,,,,,,,,,,,,,,,,,_ANDREW,3_ANDREW
Bachelorette,3,03_ANDY_L,E,,,,,,,,,,,,,,,,,,,,_ANDY_L,3_ANDY_L
Bachelorette,3,03_CHRIS_M,E,,,,,,,,,,,,,,,,,,,,_CHRIS_M,3_CHRIS_M
Bachelorette,3,03_CHRIS_C,E,,,,,,,,,,,,,,,,,,,,_CHRIS_C,3_CHRIS_C
Bachelorette,3,03_COLLIN_E,E,,,,,,,,,,,,,,,,,,,,_COLLIN_E,3_COLLIN_E
Bachelorette,3,03_DAVID_V,E,,,,,,,,,,,,,,,,,,,,_DAVID_V,3_DAVID_V
Bachelorette,3,03_ERIC_H,E,,,,,,,,,,,,,,,,,,,,_ERIC_H,3_ERIC_H
Bachelorette,3,03_ERIC_T,E,,,,,,,,,,,,,,,,,,,,_ERIC_T,3_ERIC_T
Bachelorette,3,03_KEVIN,E,,,,,,,,,,,,,,,,,,,,_KEVIN,3_KEVIN
Bachelorette,3,03_MATT_L,E,,,,,,,,,,,,,,,,,,,,_MATT_L,3_MATT_L
Bachelorette,SEASON,ID,1,2,3,4,5,6,7,8,9,10,1,2,3,4,5,6,7,8,9,10,,SEASON
Bachelorette,2,02_IAN_M,,,,,,,W,,,,,D7,D1,D4,D1,D1,D1,,,,_IAN_M,2_IAN_M
Bachelorette,2,02_MATTHEW_H,,,,,,,E,,,,,D7,D7,D1,D1,D1,D1,,,,_MATTHEW_H,2_MATTHEW_H
Bachelorette,2,02_CHAD_X,,,,,,E,,,,,,D7,D7,D1,D1,D1,,,,,_CHAD_X,2_CHAD_X
Bachelorette,2,02_LANNY_X,,,,,E,,,,,,,D7,D7,D1,D1,,,,,,_LANNY_X,2_LANNY_X
Bachelorette,2,02_BRAD_X,,,,E,,,,,,,,D7,D7,D4,,,,,,,_BRAD_X,2_BRAD_X
Bachelorette,2,02_RYAN_M,,,,E,,,,,,,,D7,D2,D4,,,,,,,_RYAN_M,2_RYAN_M
Bachelorette,2,02_SEAN_X,,,,E,,,,,,,,D7,D7,D4,,,,,,,_SEAN_X,2_SEAN_X
Bachelorette,2,02_RICK_X,,,E,,,,,,,,,D1,D7,,,,,,,,_RICK_X,2_RICK_X
Bachelorette,2,02_RYAN_R,,,E,,,,,,,,,D7,D7,,,,,,,,_RYAN_R,2_RYAN_R
Bachelorette,2,02_TODD_X,,,E,,,,,,,,,D7,D2,,,,,,,,_TODD_X,2_TODD_X
Bachelorette,2,02_DAMON_X,,E,,,,,,,,,,D7,,,,,,,,,_DAMON_X,2_DAMON_X
Bachelorette,2,02_ELIOT_X,,E,,,,,,,,,,D7,,,,,,,,,_ELIOT_X,2_ELIOT_X
Bachelorette,2,02_HAROLD_H,,E,,,,,,,,,,D7,,,,,,,,,_HAROLD_H,2_HAROLD_H
Bachelorette,2,02_MARCUS_X,,E,,,,,,,,,,D7,,,,,,,,,_MARCUS_X,2_MARCUS_X
Bachelorette,2,02_ROBERT_X,,E,,,,,,,,,,D7,,,,,,,,,_ROBERT_X,2_ROBERT_X
Bachelorette,2,02_AARON_X,E,,,,,,,,,,,,,,,,,,,,_AARON_X,2_AARON_X
Bachelorette,2,02_ANDY_C,E,,,,,,,,,,,,,,,,,,,,_ANDY_C,2_ANDY_C
Bachelorette,2,02_ANSELM_C,E,,,,,,,,,,,,,,,,,,,,_ANSELM_C,2_ANSELM_C
Bachelorette,2,02_BRIAN_X,E,,,,,,,,,,,,,,,,,,,,_BRIAN_X,2_BRIAN_X
Bachelorette,2,02_CHRIS_X,E,,,,,,,,,,,,,,,,,,,,_CHRIS_X,2_CHRIS_X
Bachelorette,2,02_CORY_H,E,,,,,,,,,,,,,,,,,,,,_CORY_H,2_CORY_H
Bachelorette,2,02_JEFF_O,E,,,,,,,,,,,,,,,,,,,,_JEFF_O,2_JEFF_O
Bachelorette,2,02_JUSTIN_X,E,,,,,,,,,,,,,,,,,,,,_JUSTIN_X,2_JUSTIN_X
Bachelorette,2,02_KEITH_X,E,,,,,,,,,,,,,,,,,,,,_KEITH_X,2_KEITH_X
Bachelorette,2,02_TREVER_X,E,,,,,,,,,,,,,,,,,,,,_TREVER_X,2_TREVER_X
Bachelorette,SEASON,ID,1,2,3,4,5,6,7,8,9,10,1,2,3,4,5,6,7,8,9,10,,SEASON
Bachelorette,1,01_RYAN_S,,,,,,W,,,,,,D14,D1,D1,D1,D1,,,,,_RYAN_S,1_RYAN_S
Bachelorette,1,01_CHARLIE_M,,,,,,E,,,,,,D14,D1,D1,D1,D1,,,,,_CHARLIE_M,1_CHARLIE_M
Bachelorette,1,01_RUSS_X,,,,,E,,,,,,,D14,D1,D1,D1,,,,,,_RUSS_X,1_RUSS_X
Bachelorette,1,01_GREG_T,,,,E,,,,,,,,D14,D5,D1,,,,,,,_GREG_T,1_GREG_T
Bachelorette,1,01_BOB_G,,,E,,,,,,,,,D14,D5,,,,,,,,_BOB_G,1_BOB_G
Bachelorette,1,01_JAMIE_B,,,E,,,,,,,,,D14,D5,,,,,,,,_JAMIE_B,1_JAMIE_B
Bachelorette,1,01_MIKE_X,,,E,,,,,,,,,D14,D5,,,,,,,,_MIKE_X,1_MIKE_X
Bachelorette,1,01_ROB_X,,,E,,,,,,,,,D14,D5,,,,,,,,_ROB_X,1_ROB_X
Bachelorette,1,01_BRIAN_C,,E,,,,,,,,,,D14,,,,,,,,,_BRIAN_C,1_BRIAN_C
Bachelorette,1,01_BRIAN_S,,E,,,,,,,,,,D14,,,,,,,,,_BRIAN_S,1_BRIAN_S
Bachelorette,1,01_BROOK_X,,E,,,,,,,,,,D14,,,,,,,,,_BROOK_X,1_BROOK_X
Bachelorette,1,01_JACK_X,,E,,,,,,,,,,D14,,,,,,,,,_JACK_X,1_JACK_X
Bachelorette,1,01_JEFF_X,,E,,,,,,,,,,D14,,,,,,,,,_JEFF_X,1_JEFF_X
Bachelorette,1,01_JOSH_X,,E,,,,,,,,,,D14,,,,,,,,,_JOSH_X,1_JOSH_X
Bachelorette,1,01_BRIAN_H,,EQ,,,,,,,,,,D14,,,,,,,,,_BRIAN_H,1_BRIAN_H
Bachelorette,1,01_BILLY_X,E,,,,,,,,,,,,,,,,,,,,_BILLY_X,1_BILLY_X
Bachelorette,1,01_BRIAN_K,E,,,,,,,,,,,,,,,,,,,,_BRIAN_K,1_BRIAN_K
Bachelorette,1,01_CHRIS_X,E,,,,,,,,,,,,,,,,,,,,_CHRIS_X,1_CHRIS_X
Bachelorette,1,01_DUANE_X,E,,,,,,,,,,,,,,,,,,,,_DUANE_X,1_DUANE_X
Bachelorette,1,01_ERIC_X,E,,,,,,,,,,,,,,,,,,,,_ERIC_X,1_ERIC_X
Bachelorette,1,01_GREGG_H,E,,,,,,,,,,,,,,,,,,,,_GREGG_H,1_GREGG_H
Bachelorette,1,01_MATT_X,E,,,,,,,,,,,,,,,,,,,,_MATT_X,1_MATT_X
Bachelorette,1,01_PAUL_X,E,,,,,,,,,,,,,,,,,,,,_PAUL_X,1_PAUL_X
Bachelorette,1,01_PETER_X,E,,,,,,,,,,,,,,,,,,,,_PETER_X,1_PETER_X
Bachelorette,1,01_WAYNE_X,E,,,,,,,,,,,,,,,,,,,,_WAYNE_X,1_WAYNE_X
Bachelor,SEASON,ID,1,2,3,4,5,6,7,8,9,10,1,2,3,4,5,6,7,8,9,10,,SEASON
Bachelor,21,21_VANESSA_G,R1,,R,,,,,,,W,,D12,D1,D13,D10,D6,D1,D1,D1,D1,_VANESSA_G,21_VANESSA_G
Bachelor,21,21_RAVEN_G,,,,R,,R,R,,,E,,D12,,D1,D10,D6,D3,D1,D1,D1,_RAVEN_G,21_RAVEN_G
Bachelor,21,21_RACHEL_L,,,R,,R,,,,E,,,,D7,D13,D1,D6,D1,D1,D1,,_RACHEL_L,21_RACHEL_L
Bachelor,21,21_CORRINE_O,,R,,,R,,,E,,,,D12,D7,D13,D2,D6,D3,D1,,,_CORRINE_O,21_CORRINE_O
Bachelor,21,21_KRISTINA_S,,,,R,R,R,EQ,,,,,D6,D7,D13,D10,D1,D3,,,,_KRISTINA_S,21_KRISTINA_S
Bachelor,21,21_DANIELLE_M,,R,,,,,ED,,,,,D1,,D13,D10,D6,D1,,,,_DANIELLE_M,21_DANIELLE_M
Bachelor,21,21_DANIELLE_L,,,R,R,,ED,,,,,,D12,D7,D1,D10,D2,,,,,_DANIELLE_L,21_DANIELLE_L
Bachelor,21,21_WHITNEY_F,,,,,,ED,,,,,,,D7,D13,D10,D2,,,,,_WHITNEY_F,21_WHITNEY_F
Bachelor,21,21_JASMINE_G,,,,,,ED,,,,,,D12,D7,D13,D10,D6,,,,,_JASMINE_G,21_JASMINE_G
Bachelor,21,21_JAIMI_K,,,,,E,,,,,,,D6,D7,D13,D10,,,,,,_JAIMI_K,21_JAIMI_K
Bachelor,21,21_JOSEPHINE_T,,,,,E,,,,,,,D6,,D13,D10,,,,,,_JOSEPHINE_T,21_JOSEPHINE_T
Bachelor,21,21_ALEXIS_W,,,,,E,,,,,,,D12,D7,D13,D10,,,,,,_ALEXIS_W,21_ALEXIS_W
Bachelor,21,21_TAYLOR_N,,,,,ED,,,,,,,D12,D7,D13,D2,,,,,,_TAYLOR_N,21_TAYLOR_N
Bachelor,21,21_ASTRID_L,,,,E,,,,,,,,D6,D7,D13,,,,,,,_ASTRID_L,21_ASTRID_L
Bachelor,21,21_SARAH_V,,,,E,,,,,,,,D12,D7,D13,,,,,,,_SARAH_V,21_SARAH_V
Bachelor,21,21_BRITTANY_F,,,E,,,,,,,,,D12,D7,,,,,,,,_BRITTANY_F,21_BRITTANY_F
Bachelor,21,21_CHRISTEN_W,,R,E,,,,,,,,,D6,D7,,,,,,,,_CHRISTEN_W,21_CHRISTEN_W
Bachelor,21,21_DOMINIQUE_A,,,ED,,,,,,,,,,D7,,,,,,,,_DOMINIQUE_A,21_DOMINIQUE_A
Bachelor,21,21_LACEY_M,,E,,,,,,,,,,D12,,,,,,,,,_LACEY_M,21_LACEY_M
Bachelor,21,21_HAILEY_M,,E,,,,,,,,,,D12,,,,,,,,,_HAILEY_M,21_HAILEY_M
Bachelor,21,21_ELIZABETH_W,,E,,,,,,,,,,D12,,,,,,,,,_ELIZABETH_W,21_ELIZABETH_W
Bachelor,21,21_LIZ_S,,ED,,,,,,,,,,D6,,,,,,,,,_LIZ_S,21_LIZ_S
Bachelor,21,21_ANGELA_A,E,,,,,,,,,,,,,,,,,,,,_ANGELA_A,21_ANGELA_A
Bachelor,21,21_JASMINE_B,E,,,,,,,,,,,,,,,,,,,,_JASMINE_B,21_JASMINE_B
Bachelor,21,21_OLIVIA_B,E,,,,,,,,,,,,,,,,,,,,_OLIVIA_B,21_OLIVIA_B
Bachelor,21,21_IDA_D,E,,,,,,,,,,,,,,,,,,,,_IDA_D,21_IDA_D
Bachelor,21,21_BRIANA_G,E,,,,,,,,,,,,,,,,,,,,_BRIANA_G,21_BRIANA_G
Bachelor,21,21_LAUREN_H,E,,,,,,,,,,,,,,,,,,,,_LAUREN_H,21_LAUREN_H
Bachelor,21,21_SUSANNAH_M,E,,,,,,,,,,,,,,,,,,,,_SUSANNAH_M,21_SUSANNAH_M
Bachelor,21,21_MICHELLE_R,E,,,,,,,,,,,,,,,,,,,,_MICHELLE_R,21_MICHELLE_R
Bachelor,SEASON,ID,1,2,3,4,5,6,7,8,9,10,1,2,3,4,5,6,7,8,9,10,,SEASON
Bachelor,20,20_LAUREN_B,,,R,R,,,,,,W,,,D1,D12,D9,D7,D1,D1,D1,D1,_LAUREN_B,20_LAUREN_B
Bachelor,20,20_JOJO_F,,R,,R,,,,,,E,,D10,,D1,D9,D7,D1,D1,D1,D1,_JOJO_F,20_JOJO_F
Bachelor,20,20_CAILA_Q,,R,,,,R,,,EU,,,D1,,D12,D9,D1,D3,D1,D1,,_CAILA_Q,20_CAILA_Q
Bachelor,20,20_AMANDA_S,,,,,R,R,R,E,,,,D6,D12,D12,D1,D7,D3,D1,,,_AMANDA_S,20_AMANDA_S
Bachelor,20,20_BECCA_T,,,,R,,,E,,,,,D10,,D1,D9,D7,D3,,,,_BECCA_T,20_BECCA_T
Bachelor,20,20_EMILY_F,,,,,,R,ED,,,,,D6,D12,D12,D9,D2,D1,,,,_EMILY_F,20_EMILY_F
Bachelor,20,20_LAUREN_H,,,,,R,E,,,,,,D10,D12,D12,D1,D7,,,,,_LAUREN_H,20_LAUREN_H
Bachelor,20,20_OLIVIA_C,R1,R,,,R,ED,,,,,,D6,D12,D12,D9,D2,,,,,_OLIVIA_C,20_OLIVIA_C
Bachelor,20,20_LEAH_B,,,,,,EU,,,,,,,D12,D12,D9,D7,,,,,_LEAH_B,20_LEAH_B
Bachelor,20,20_JENNIFER_S,,,,,E,,,,,,,D10,D12,D12,D9,,,,,,_JENNIFER_S,20_JENNIFER_S
Bachelor,20,20_JUBILEE_S,,,R,,ED,,,,,,,D10,D1,D12,D9,,,,,,_JUBILEE_S,20_JUBILEE_S
Bachelor,20,20_AMBER_J,,,R,E,,,,,,,,D10,D12,D12,,,,,,,_AMBER_J,20_AMBER_J
Bachelor,20,20_RACHEL_T,,,,E,,,,,,,,,D12,D12,,,,,,,_RACHEL_T,20_RACHEL_T
Bachelor,20,20_HAYLEY_F,,,,ED,,,,,,,,D6,D12,D12,,,,,,,_HAYLEY_F,20_HAYLEY_F
Bachelor,20,20_JAMI_L,,,E,,,,,,,,,,D12,,,,,,,,_JAMI_L,20_JAMI_L
Bachelor,20,20_SHUSHANNA_M,,,E,,,,,,,,,D6,D12,,,,,,,,_SHUSHANNA_M,20_SHUSHANNA_M
Bachelor,20,20_LACE_M,,,EQ,,,,,,,,,D10,D12,,,,,,,,_LACE_M,20_LACE_M
Bachelor,20,20_JACKIE_D,,E,,,,,,,,,,D10,,,,,,,,,_JACKIE_D,20_JACKIE_D
Bachelor,20,20_MANDI_K,,E,,,,,,,,,,D10,,,,,,,,,_MANDI_K,20_MANDI_K
Bachelor,20,20_SAMANTHA_P,,E,,,,,,,,,,D6,,,,,,,,,_SAMANTHA_P,20_SAMANTHA_P
Bachelor,20,20_LB_B,,EQ,,,,,,,,,,D10,,,,,,,,,_LB_B,20_LB_B
Bachelor,20,20_LAURA_E,E,,,,,,,,,,,,,,,,,,,,_LAURA_E,20_LAURA_E
Bachelor,20,20_IZZY_G,E,,,,,,,,,,,,,,,,,,,,_IZZY_G,20_IZZY_G
Bachelor,20,20_MAEGAN_M,E,,,,,,,,,,,,,,,,,,,,_MAEGAN_M,20_MAEGAN_M
Bachelor,20,20_JESSICA_M,E,,,,,,,,,,,,,,,,,,,,_JESSICA_M,20_JESSICA_M
Bachelor,20,20_BREANNE_R,E,,,,,,,,,,,,,,,,,,,,_BREANNE_R,20_BREANNE_R
Bachelor,20,20_LAUREN_R,E,,,,,,,,,,,,,,,,,,,,_LAUREN_R,20_LAUREN_R
Bachelor,20,20_TIARA_S,E,,,,,,,,,,,,,,,,,,,,_TIARA_S,20_TIARA_S
Bachelor,SEASON,ID,1,2,3,4,5,6,7,8,9,10,1,2,3,4,5,6,7,8,9,10,,SEASON
Bachelor,19,19_WHITNEY_B,,,R,,R,,,,,W,,,D1,D6,D9,D6,D1,D1,D1,D1,_WHITNEY_B,19_WHITNEY_B
Bachelor,19,19_BECCA_T,,,R,,,R,,,,E,,D11,D12,D6,D9,D1,D1,D1,D1,D1,_BECCA_T,19_BECCA_T
Bachelor,19,19_KAITLYN_B,,R,R,R,,,R,,E,,,D11,D1,D8,D9,D6,D3,D1,D1,,_KAITLYN_B,19_KAITLYN_B
Bachelor,19,19_JADE_R,,,,R,,,,E,,,,D6,,D1,D9,D6,D1,D1,,,_JADE_R,19_JADE_R
Bachelor,19,19_CARLY_W,,,,,R,,E,,,,,,D12,D6,D1,D6,D3,,,,_CARLY_W,19_CARLY_W
Bachelor,19,19_BRITT_N,R1,,,,R,R,E,,,,,D11,D12,D6,D1,D6,D3,,,,_BRITT_N,19_BRITT_N
Bachelor,19,19_MEGAN_B,,R,,,,EQ,,,,,,D1,,D8,D9,D6,,,,,_MEGAN_B,19_MEGAN_B
Bachelor,19,19_KELSEY_P,,,,,,ED,,,,,,D11,D12,D8,D9,D2,,,,,_KELSEY_P,19_KELSEY_P
Bachelor,19,19_ASHLEY_I,,,,,,ED,,,,,,D6,,D8,D9,D2,,,,,_ASHLEY_I,19_ASHLEY_I
Bachelor,19,19_MACKENZIE_D,,R,,,E,,,,,,,D6,D12,D8,D9,,,,,,_MACKENZIE_D,19_MACKENZIE_D
Bachelor,19,19_SAMANTHA_S,,,,,E,,,,,,,,D12,D8,D9,,,,,,_SAMANTHA_S,19_SAMANTHA_S
Bachelor,19,19_ASHLEY_S,,,,E,,,,,,,,D11,D12,D8,,,,,,,_ASHLEY_S,19_ASHLEY_S
Bachelor,19,19_JUELIA_K,,,,E,,,,,,,,D11,D12,D8,,,,,,,_JUELIA_K,19_JUELIA_K
Bachelor,19,19_NIKKI_D,,,,E,,,,,,,,,D12,D6,,,,,,,_NIKKI_D,19_NIKKI_D
Bachelor,19,19_JILIAN_A,,,,ED,,,,,,,,D11,D12,D6,,,,,,,_JILIAN_A,19_JILIAN_A
Bachelor,19,19_AMBER_J,,,E,,,,,,,,,D11,D12,,,,,,,,_AMBER_J,19_AMBER_J
Bachelor,19,19_TRACY_D,,,E,,,,,,,,,D11,D12,,,,,,,,_TRACY_D,19_TRACY_D
Bachelor,19,19_TRINA_S,,,E,,,,,,,,,D11,,,,,,,,,_TRINA_S,19_TRINA_S
Bachelor,19,19_ALISSA_G,,E,,,,,,,,,,D11,,,,,,,,,_ALISSA_G,19_ALISSA_G
Bachelor,19,19_JORDAN_B,,E,,,,,,,,,,,,,,,,,,,_JORDAN_B,19_JORDAN_B
Bachelor,19,19_KIMBERLY_S,E,,,,,,,,,,,D6,,,,,,,,,_KIMBERLY_S,19_KIMBERLY_S
Bachelor,19,19_TANDRA_S,,E,,,,,,,,,,D6,,,,,,,,,_TANDRA_S,19_TANDRA_S
Bachelor,19,19_TARA_E,,E,,,,,,,,,,D6,,,,,,,,,_TARA_E,19_TARA_E
Bachelor,19,19_AMANDA_G,E,,,,,,,,,,,,,,,,,,,,_AMANDA_G,19_AMANDA_G
Bachelor,19,19_BO_S,E,,,,,,,,,,,,,,,,,,,,_BO_S,19_BO_S
Bachelor,19,19_BRITTANY_F,E,,,,,,,,,,,,,,,,,,,,_BRITTANY_F,19_BRITTANY_F
Bachelor,19,19_KARA_W,E,,,,,,,,,,,,,,,,,,,,_KARA_W,19_KARA_W
Bachelor,19,19_MICHELLE_D,E,,,,,,,,,,,,,,,,,,,,_MICHELLE_D,19_MICHELLE_D
Bachelor,19,19_NICOLE_M,E,,,,,,,,,,,,,,,,,,,,_NICOLE_M,19_NICOLE_M
Bachelor,19,19_REEGAN_C,E,,,,,,,,,,,,,,,,,,,,_REEGAN_C,19_REEGAN_C
Bachelor,SEASON,ID,1,2,3,4,5,6,7,8,9,10,1,2,3,4,5,6,7,8,9,10,,SEASON
Bachelor,18,18_NIKKI_F,,,R,R,R,,,,,W,,D13,D10,D6,D1,D6,D1,D1,D1,D1,_NIKKI_F,18_NIKKI_F
Bachelor,18,18_CLARE_C,,R,,,R,R,,,,E,,D1,,D6,D9,D1,D4,D1,D1,D1,_CLARE_C,18_CLARE_C
Bachelor,18,18_ANDI_D,,,,R,,R,R,,EQ,,,D13,D10,D6,D9,D1,D4,D1,D1,,_ANDI_D,18_ANDI_D
Bachelor,18,18_RENEE_O,,,,,R,,,E,,,,D13,D10,D6,D1,D6,D4,D1,,,_RENEE_O,18_RENEE_O
Bachelor,18,18_CHELSIE_W,,,R,,,,E,,,,,D13,D1,D6,D9,D6,D4,,,,_CHELSIE_W,18_CHELSIE_W
Bachelor,18,18_SHARLEEN_J,R1,,,R,,R,EQ,,,,,,D10,D1,D9,D6,D1,,,,_SHARLEEN_J,18_SHARLEEN_J
Bachelor,18,18_KAT_H,,R,,,,E,,,,,,D1,,D6,D9,D6,,,,,_KAT_H,18_KAT_H
Bachelor,18,18_CASSANDRA_F,,,R,,,ED,,,,,,D13,D1,D6,D9,D6,,,,,_CASSANDRA_F,18_CASSANDRA_F
Bachelor,18,18_ALLI_R,,,,,E,,,,,,,D13,D10,D6,D9,,,,,,_ALLI_R,18_ALLI_R
Bachelor,18,18_DANIELLE_R,,,,,E,,,,,,,,D10,D6,D9,,,,,,_DANIELLE_R,18_DANIELLE_R
Bachelor,18,18_KELLY_T,,R,,,E,,,,,,,D13,D10,D6,D9,,,,,,_KELLY_T,18_KELLY_T
Bachelor,18,18_ELISE_M,,,,E,,,,,,,,D13,,D6,,,,,,,_ELISE_M,18_ELISE_M
Bachelor,18,18_LAUREN_S,,,,E,,,,,,,,D13,D10,D6,,,,,,,_LAUREN_S,18_LAUREN_S
Bachelor,18,18_CHRISTY_H,,,E,,,,,,,,,D13,D10,,,,,,,,_CHRISTY_H,18_CHRISTY_H
Bachelor,18,18_LUCY_A,,,E,,,,,,,,,D13,D10,,,,,,,,_LUCY_A,18_LUCY_A
Bachelor,18,18_AMY_L,,E,,,,,,,,,,,,,,,,,,,_AMY_L,18_AMY_L
Bachelor,18,18_CHANTEL_F,,E,,,,,,,,,,D13,,,,,,,,,_CHANTEL_F,18_CHANTEL_F
Bachelor,18,18_VICTORIA_L,,EU,,,,,,,,,,D13,,,,,,,,,_VICTORIA_L,18_VICTORIA_L
Bachelor,18,18_ALEXIS_M,E,,,,,,,,,,,,,,,,,,,,_ALEXIS_M,18_ALEXIS_M
Bachelor,18,18_AMY_J,E,,,,,,,,,,,,,,,,,,,,_AMY_J,18_AMY_J
Bachelor,18,18_ASHLEY_P,E,,,,,,,,,,,,,,,,,,,,_ASHLEY_P,18_ASHLEY_P
Bachelor,18,18_CHRISTINE_L,E,,,,,,,,,,,,,,,,,,,,_CHRISTINE_L,18_CHRISTINE_L
Bachelor,18,18_KYLIE_L,E,,,,,,,,,,,,,,,,,,,,_KYLIE_L,18_KYLIE_L
Bachelor,18,18_LACY_F,E,,,,,,,,,,,,,,,,,,,,_LACY_F,18_LACY_F
Bachelor,18,18_LAUREN_H,E,,,,,,,,,,,,,,,,,,,,_LAUREN_H,18_LAUREN_H
Bachelor,18,18_MAGGIE_G,E,,,,,,,,,,,,,,,,,,,,_MAGGIE_G,18_MAGGIE_G
Bachelor,18,18_VALERIE_E,E,,,,,,,,,,,,,,,,,,,,_VALERIE_E,18_VALERIE_E
Bachelor,SEASON,ID,1,2,3,4,5,6,7,8,9,10,1,2,3,4,5,6,7,8,9,10,,SEASON
Bachelor,17,17_CATHERINE_G,R1,,,,,R,,,,W,,D13,D12,D8,D8,D1,D3,D1,D1,D1,_CATHERINE_G,17_CATHERINE_G
Bachelor,17,17_LINDSAY_Y,,,R,,R,,R,,,E,,,D12,D8,D1,D7,D3,D1,D1,D1,_LINDSAY_Y,17_LINDSAY_Y
Bachelor,17,17_ASHLEE_F,R1,,R,,,,,,E,,,,D1,D8,D8,D7,D1,D1,D1,,_ASHLEE_F,17_ASHLEE_F
Bachelor,17,17_DESIREE_H,R1,R,,,,R,,E,,,,D1,D12,,D8,D1,D3,D1,,,_DESIREE_H,17_DESIREE_H
Bachelor,17,17_LESLEY_M,,,R,,,R,E,,,,,D13,D1,,D8,D7,D1,,,,_LESLEY_M,17_LESLEY_M
Bachelor,17,17_TIERRA_L,R1,,,R,R,,EU,,,,,D13,D12,D8,D2,D7,,,,,_TIERRA_L,17_TIERRA_L
Bachelor,17,17_DANIELLA_M,,,,,R,E,,,,,,D13,D12,,D8,D7,,,,,_DANIELLA_M,17_DANIELLA_M
Bachelor,17,17_SLEMA_A,R1,,,R,,E,,,,,,D13,,D1,D8,D7,,,,,_SLEMA_A,17_SLEMA_A
Bachelor,17,17_SARAH_H,R1,R,,,,EU,,,,,,D1,,D8,D8,D7,,,,,_SARAH_H,17_SARAH_H
Bachelor,17,17_ROBYN_H,R1,,,,E,,,,,,,D13,D12,D8,D8,,,,,,_ROBYN_H,17_ROBYN_H
Bachelor,17,17_JACKIE_[,R1,,,,ED,,,,,,,,D12,D8,D2,,,,,,_JACKIE_[,17_JACKIE_[
Bachelor,17,17_AMANDA_M,,,,E,,,,,,,,D13,D12,D8,,,,,,,_AMANDA_M,17_AMANDA_M
Bachelor,17,17_LESLIE_H,R1,,,ED,,,,,,,,,D12,D1,,,,,,,_LESLIE_H,17_LESLIE_H
Bachelor,17,17_KRISTY_K,,,E,,,,,,,,,D13,D12,,,,,,,,_KRISTY_K,17_KRISTY_K
Bachelor,17,17_TARYN_D,,,E,,,,,,,,,D13,D12,,,,,,,,_TARYN_D,17_TARYN_D
Bachelor,17,17_KACIE_B,,R,E,,,,,,,,,D13,D12,,,,,,,,_KACIE_B,17_KACIE_B
Bachelor,17,17_BROOKE_B,R1,E,,,,,,,,,,D13,,,,,,,,,_BROOKE_B,17_BROOKE_B
Bachelor,17,17_DIANA_W,R1,E,,,,,,,,,,D13,,,,,,,,,_DIANA_W,17_DIANA_W
Bachelor,17,17_LATIE_L,R1,EQ,,,,,,,,,,D13,,,,,,,,,_LATIE_L,17_LATIE_L
Bachelor,17,17_ASHLEY_H,E,,,,,,,,,,,,,,,,,,,,_ASHLEY_H,17_ASHLEY_H
Bachelor,17,17_ASHLEY_P,E,,,,,,,,,,,,,,,,,,,,_ASHLEY_P,17_ASHLEY_P
Bachelor,17,17_KELLY_D,E,,,,,,,,,,,,,,,,,,,,_KELLY_D,17_KELLY_D
Bachelor,17,17_KERIANN_M,E,,,,,,,,,,,,,,,,,,,,_KERIANN_M,17_KERIANN_M
Bachelor,17,17_LACEY_L,E,,,,,,,,,,,,,,,,,,,,_LACEY_L,17_LACEY_L
Bachelor,17,17_LAUREN_M,E,,,,,,,,,,,,,,,,,,,,_LAUREN_M,17_LAUREN_M
Bachelor,17,17_PAIGE_V,E,,,,,,,,,,,,,,,,,,,,_PAIGE_V,17_PAIGE_V
Bachelor,SEASON,ID,1,2,3,4,5,6,7,8,9,10,1,2,3,4,5,6,7,8,9,10,,SEASON
Bachelor,16,16_COURTNEY_R,,R,,R,,,,,,W,,D1,,D8,D9,D6,D1,D1,D1,D1,_COURTNEY_R,16_COURTNEY_R
Bachelor,16,16_LINDZI_C,R1,,R,,,R,,,,E,,,D1,D8,D9,D6,D1,D1,D1,D1,_LINDZI_C,16_LINDZI_C
Bachelor,16,16_NICKI_S,,,,,R,,,,E,,,D12,D11,D8,D1,D6,D3,D1,D1,,_NICKI_S,16_NICKI_S
Bachelor,16,16_KACIE_B,,R,,,R,R,R,E,,,,D1,D11,D8,D9,D1,D3,D1,,,_KACIE_B,16_KACIE_B
Bachelor,16,16_EMILY_O,,,R,,,,E,,,,,D12,D1,,D9,D6,D1,,,,_EMILY_O,16_EMILY_O
Bachelor,16,16_RACHEL_T,,,R,R,,R,E,,,,,D12,D11,D1,D9,D2,D3,,,,_RACHEL_T,16_RACHEL_T
Bachelor,16,16_JAMIE_O,,,,,,E,,,,,,D12,D11,D8,D9,D6,,,,,_JAMIE_O,16_JAMIE_O
Bachelor,16,16_CASEY_S,,,,,,EF,,,,,,,D11,D8,D9,D6,,,,,_CASEY_S,16_CASEY_S
Bachelor,16,16_BLAKELEY_J,,R,,,,ED,,,,,,D12,D11,D8,D9,D2,,,,,_BLAKELEY_J,16_BLAKELEY_J
Bachelor,16,16_JENNIFER_F,,,,R,E,,,,,,,D12,,D1,D9,,,,,,_JENNIFER_F,16_JENNIFER_F
Bachelor,16,16_ELYSE_M,,,,,ED,,,,,,,,D11,,D1,,,,,,_ELYSE_M,16_ELYSE_M
Bachelor,16,16_MONICA_S,,,,E,,,,,,,,D12,D11,,,,,,,,_MONICA_S,16_MONICA_S
Bachelor,16,16_SAMANTHA_L,,,,EQ,,,,,,,,D12,D11,D8,,,,,,,_SAMANTHA_L,16_SAMANTHA_L
Bachelor,16,16_ERIKA_U,,,E,,,,,,,,,,D11,,,,,,,,_ERIKA_U,16_ERIKA_U
Bachelor,16,16_JACLYN_S,,,E,,,,,,,,,D12,D11,,,,,,,,_JACLYN_S,16_JACLYN_S
Bachelor,16,16_BRITTNEY_S,,,EQ,,,,,,,,,D12,,,,,,,,,_BRITTNEY_S,16_BRITTNEY_S
Bachelor,16,16_JENNA_B,,E,,,,,,,,,,D12,,,,,,,,,_JENNA_B,16_JENNA_B
Bachelor,16,16_SHAWN_R,,E,,,,,,,,,,D12,,,,,,,,,_SHAWN_R,16_SHAWN_R
Bachelor,16,16_AMBER_B,E,,,,,,,,,,,,,,,,,,,,_AMBER_B,16_AMBER_B
Bachelor,16,16_AMBER_T,E,,,,,,,,,,,,,,,,,,,,_AMBER_T,16_AMBER_T
Bachelor,16,16_ANNA_S,E,,,,,,,,,,,,,,,,,,,,_ANNA_S,16_ANNA_S
Bachelor,16,16_DIANNA_M,E,,,,,,,,,,,,,,,,,,,,_DIANNA_M,16_DIANNA_M
Bachelor,16,16_HOLLY_J,E,,,,,,,,,,,,,,,,,,,,_HOLLY_J,16_HOLLY_J
Bachelor,16,16_LYNDSIE_J,E,,,,,,,,,,,,,,,,,,,,_LYNDSIE_J,16_LYNDSIE_J
Bachelor,16,16_SHIRA_A,E,,,,,,,,,,,,,,,,,,,,_SHIRA_A,16_SHIRA_A
Bachelor,SEASON,ID,1,2,3,4,5,6,7,8,9,10,1,2,3,4,5,6,7,8,9,10,,SEASON
Bachelor,15,15_EMILY_M,,R,R,,R,,,,,W,,D15,D1,,D8,D6,D1,D1,D1,D1,_EMILY_M,15_EMILY_M
Bachelor,15,15_CHANTAL_O,,,,R,,R,,,,E,,D15,D12,D1,D8,D1,D3,D1,D1,D1,_CHANTAL_O,15_CHANTAL_O
Bachelor,15,15_ASHLEU_H,,R,,,R,,R,,E,,,D1,D12,D9,D2,D6,D3,D1,D1,,_ASHLEU_H,15_ASHLEU_H
Bachelor,15,15_SHAWNTEL_N,,,R,,R,,,E,,,,D15,D12,,D1,D6,D1,D1,,,_SHAWNTEL_N,15_SHAWNTEL_N
Bachelor,15,15_MICHELLE_M,,R,,R,,,E,,,,,D15,D12,D1,D8,D6,D3,,,,_MICHELLE_M,15_MICHELLE_M
Bachelor,15,15_BRITT_B,,,,R,,,ED,,,,,D15,D12,D9,D8,D6,D1,,,,_BRITT_B,15_BRITT_B
Bachelor,15,15_JACKIE_G,,R,,,,E,,,,,,D1,,D9,D8,D6,,,,,_JACKIE_G,15_JACKIE_G
Bachelor,15,15_ALLI_T,,,,,,ED,,,,,,D15,D12,D9,D8,D1,,,,,_ALLI_T,15_ALLI_T
Bachelor,15,15_LISA_M,,,,,E,,,,,,,D15,D12,D9,D8,,,,,,_LISA_M,15_LISA_M
Bachelor,15,15_MARISSA_M,,,,,E,,,,,,,D15,D12,,D8,,,,,,_MARISSA_M,15_MARISSA_M
Bachelor,15,15_ASHLEY_S,R1,,R,,ED,,,,,,,,D1,D9,D2,,,,,,_ASHLEY_S,15_ASHLEY_S
Bachelor,15,15_LINDSAY_H,,,,E,,,,,,,,,D12,D9,,,,,,,_LINDSAY_H,15_LINDSAY_H
Bachelor,15,15_MEGHAN_M,,,,E,,,,,,,,D15,,D9,,,,,,,_MEGHAN_M,15_MEGHAN_M
Bachelor,15,15_STACEY_Q,,,,E,,,,,,,,D15,D12,D9,,,,,,,_STACEY_Q,15_STACEY_Q
Bachelor,15,15_KIMBERLY_C,,,E,,,,,,,,,D15,D12,,,,,,,,_KIMBERLY_C,15_KIMBERLY_C
Bachelor,15,15_SARAH_P,,,E,,,,,,,,,,D12,,,,,,,,_SARAH_P,15_SARAH_P
Bachelor,15,15_MADISON_G,,,EQ,,,,,,,,,D15,,,,,,,,,_MADISON_G,15_MADISON_G
Bachelor,15,15_KELTIE_C,,E,,,,,,,,,,D15,,,,,,,,,_KELTIE_C,15_KELTIE_C
Bachelor,15,15_MELISSA_S,,E,,,,,,,,,,D15,,,,,,,,,_MELISSA_S,15_MELISSA_S
Bachelor,15,15_RAICHHEL_G,,E,,,,,,,,,,D15,,,,,,,,,_RAICHHEL_G,15_RAICHHEL_G
Bachelor,15,15_BRITNEE_X,E,,,,,,,,,,,,,,,,,,,,_BRITNEE_X,15_BRITNEE_X
Bachelor,15,15_CRISTY_C,E,,,,,,,,,,,,,,,,,,,,_CRISTY_C,15_CRISTY_C
Bachelor,15,15_JESSICA_A,E,,,,,,,,,,,,,,,,,,,,_JESSICA_A,15_JESSICA_A
Bachelor,15,15_KILL_R,E,,,,,,,,,,,,,,,,,,,,_KILL_R,15_KILL_R
Bachelor,15,15_LACEY_G,E,,,,,,,,,,,,,,,,,,,,_LACEY_G,15_LACEY_G
Bachelor,15,15_LAUREN_M,E,,,,,,,,,,,,,,,,,,,,_LAUREN_M,15_LAUREN_M
Bachelor,15,15_LISA_P,E,,,,,,,,,,,,,,,,,,,,_LISA_P,15_LISA_P
Bachelor,15,15_REBECCA_X,E,,,,,,,,,,,,,,,,,,,,_REBECCA_X,15_REBECCA_X
Bachelor,15,15_RENEE_H,E,,,,,,,,,,,,,,,,,,,,_RENEE_H,15_RENEE_H
Bachelor,15,15_SARAH_L,E,,,,,,,,,,,,,,,,,,,,_SARAH_L,15_SARAH_L
Bachelor,SEASON,ID,1,2,3,4,5,6,7,8,9,10,1,2,3,4,5,6,7,8,9,10,,SEASON
Bachelor,14,14_VIENNA_G,,,R,,,,,W,,,,D5,D1,D6,D2,D1,D1,D1,,,_VIENNA_G,14_VIENNA_G
Bachelor,14,14_TENLEY_M,R1,,,R,,,,E,,,,,D8,D6,D1,D1,D1,D1,,,_TENLEY_M,14_TENLEY_M
Bachelor,14,14_GIA_A,,,,R,,,EQ,,,,,D6,,D1,D2,D1,D1,,,,_GIA_A,14_GIA_A
Bachelor,14,14_ALI_F,,R,,,,E,,,,,,D1,D8,D6,D1,D1,,,,,_ALI_F,14_ALI_F
Bachelor,14,14_CORRIE_A,,,,,E,,,,,,,D6,D8,D6,D1,,,,,,_CORRIE_A,14_CORRIE_A
Bachelor,14,14_ASHLEIGH_H,,,,E,,,,,,,,D6,D8,D6,,,,,,,_ASHLEIGH_H,14_ASHLEIGH_H
Bachelor,14,14_JESSIE_S,,,,E,,,,,,,,D5,D8,D6,,,,,,,_JESSIE_S,14_JESSIE_S
Bachelor,14,14_KATHRYN_S,,,,ED,,,,,,,,D5,D8,D2,,,,,,,_KATHRYN_S,14_KATHRYN_S
Bachelor,14,14_ELLA_N,,,R,ED,,,,,,,,,D1,D2,,,,,,,_ELLA_N,14_ELLA_N
Bachelor,14,14_ELIZABETH_KI,,R,E,,,,,,,,,D5,D8,,,,,,,,_ELIZABETH_KI,14_ELIZABETH_KI
Bachelor,14,14_VALISHIA_S,,,E,,,,,,,,,D6,,,,,,,,,_VALISHIA_S,14_VALISHIA_S
Bachelor,14,14_MICHELLE K,,,ED,,,,,,,,,,D8,,,,,,,,_MICHELLE K,14_MICHELLE K
Bachelor,14,14_ASHLEY_E,,E,,,,,,,,,,D5,,,,,,,,,_ASHLEY_E,14_ASHLEY_E
Bachelor,14,14_CRISTINA_M,,E,,,,,,,,,,D6,,,,,,,,,_CRISTINA_M,14_CRISTINA_M
Bachelor,14,14_ROZLYN_P,,EF,,,,,,,,,,D6,,,,,,,,,_ROZLYN_P,14_ROZLYN_P
Bachelor,14,14_LEX_M,E,,,,,,,,,,,,,,,,,,,,_LEX_M,14_LEX_M
Bachelor,14,14_CAITLYN_M,E,,,,,,,,,,,,,,,,,,,,_CAITLYN_M,14_CAITLYN_M
Bachelor,14,14_CHANNY_C,E,,,,,,,,,,,,,,,,,,,,_CHANNY_C,14_CHANNY_C
Bachelor,14,14_ELIZABETH_KR,E,,,,,,,,,,,,,,,,,,,,_ELIZABETH_KR,14_ELIZABETH_KR
Bachelor,14,14_EMILY_H,E,,,,,,,,,,,,,,,,,,,,_EMILY_H,14_EMILY_H
Bachelor,14,14_KIMBERLY_S,E,,,,,,,,,,,,,,,,,,,,_KIMBERLY_S,14_KIMBERLY_S
Bachelor,14,14_KIRSTEN_P,E,,,,,,,,,,,,,,,,,,,,_KIRSTEN_P,14_KIRSTEN_P
Bachelor,14,14_SHEILA_L,E,,,,,,,,,,,,,,,,,,,,_SHEILA_L,14_SHEILA_L
Bachelor,14,14_STEPHANIE_M,E,,,,,,,,,,,,,,,,,,,,_STEPHANIE_M,14_STEPHANIE_M
Bachelor,14,14_TIANA_K,E,,,,,,,,,,,,,,,,,,,,_TIANA_K,14_TIANA_K
Bachelor,SEASON,ID,1,2,3,4,5,6,7,8,9,10,1,2,3,4,5,6,7,8,9,10,,SEASON
Bachelor,13,13_MELISSA_R,,R,,,,,,W,,,,D1,D8,D6,D1,D1,D1,D1,,,_MELISSA_R,13_MELISSA_R
Bachelor,13,13_MOLLY_M,,R,,R,,,,E,,,,D8,,D1,D3,D1,D1,D1,,,_MOLLY_M,13_MOLLY_M
Bachelor,13,13_JILLIAN_H,,R,R,,,,E,,,,,D1,D8,D6,D3,D1,D1,,,,_JILLIAN_H,13_JILLIAN_H
Bachelor,13,13_NAOMI_C,,,,R,,E,,,,,,D8,D8,D6,D1,D1,,,,,_NAOMI_C,13_NAOMI_C
Bachelor,13,13_STEPHANIE_H,,,R,R,E,,,,,,,,D1,D2,D3,,,,,,_STEPHANIE_H,13_STEPHANIE_H
Bachelor,13,13_LAUREN_W,,,,E,,,,,,,,D8,,D6,,,,,,,_LAUREN_W,13_LAUREN_W
Bachelor,13,13_MEGAN_P,R,,,E,,,,,,,,,D8,D6,,,,,,,_MEGAN_P,13_MEGAN_P
Bachelor,13,13_SHANNON_B,,,,E,,,,,,,,,D8,D6,,,,,,,_SHANNON_B,13_SHANNON_B
Bachelor,13,13_NIKKI_K,R1,,,ED,,,,,,,,D8,D8,D2,,,,,,,_NIKKI_K,13_NIKKI_K
Bachelor,13,13_ERICA_D,,,E,,,,,,,,,D8,D8,,,,,,,,_ERICA_D,13_ERICA_D
Bachelor,13,13_KARI_F,,,E,,,,,,,,,D8,,,,,,,,,_KARI_F,13_KARI_F
Bachelor,13,13_NATALIE_G,,,ED,,,,,,,,,D8,D1,,,,,,,,_NATALIE_G,13_NATALIE_G
Bachelor,13,13_RAQUEL_M,,E,,,,,,,,,,,,,,,,,,,_RAQUEL_M,13_RAQUEL_M
Bachelor,13,13_SHARON_S,,E,,,,,,,,,,D8,,,,,,,,,_SHARON_S,13_SHARON_S
Bachelor,13,13_LISA_G,,EQ,,,,,,,,,,,,,,,,,,,_LISA_G,13_LISA_G
Bachelor,13,13_ANN_L,E,,,,,,,,,,,,,,,,,,,,_ANN_L,13_ANN_L
Bachelor,13,13_DOMINIQUE_C,E,,,,,,,,,,,,,,,,,,,,_DOMINIQUE_C,13_DOMINIQUE_C
Bachelor,13,13_EMILY_H,E,,,,,,,,,,,,,,,,,,,,_EMILY_H,13_EMILY_H
Bachelor,13,13_JACKIE_H,E,,,,,,,,,,,,,,,,,,,,_JACKIE_H,13_JACKIE_H
Bachelor,13,13_JULIE_D,E,,,,,,,,,,,,,,,,,,,,_JULIE_D,13_JULIE_D
Bachelor,13,13_NICOLE_M,E,,,,,,,,,,,,,,,,,,,,_NICOLE_M,13_NICOLE_M
Bachelor,13,13_RENEE_S,E,,,,,,,,,,,,,,,,,,,,_RENEE_S,13_RENEE_S
Bachelor,13,13_SHELBY_G,E,,,,,,,,,,,,,,,,,,,,_SHELBY_G,13_SHELBY_G
Bachelor,13,13_STACIA_M,E,,,,,,,,,,,,,,,,,,,,_STACIA_M,13_STACIA_M
Bachelor,13,13_TREASURE_M,E,,,,,,,,,,,,,,,,,,,,_TREASURE_M,13_TREASURE_M
Bachelor,SEASON,ID,1,2,3,4,5,6,7,8,9,10,1,2,3,4,5,6,7,8,9,10,,SEASON
Bachelor,12,12_SHAYNE_L,,,R,,,,,W,,,,D7,D1,D6,D4,D1,D1,D1,,,_SHAYNE_L,12_SHAYNE_L
Bachelor,12,12_CHELSEA_W,,R,,R,,,,E,,,,D7,D10,D6,D1,D1,D1,D1,,,_CHELSEA_W,12_CHELSEA_W
Bachelor,12,12_AMANDA_R,R1,,,R,,,E,,,,,D8,D10,D1,D4,D1,D1,,,,_AMANDA_R,12_AMANDA_R
Bachelor,12,12_NOELLE_D,,,,,,E,,,,,,D8,D10,D6,D1,D1,,,,,_NOELLE_D,12_NOELLE_D
Bachelor,12,12_MARSHANA_R,,,,R,E,,,,,,,D8,D10,D2,D4,,,,,,_MARSHANA_R,12_MARSHANA_R
Bachelor,12,12_ROBIN_C,,,R,,E,,,,,,,D7,D10,D6,D4,,,,,,_ROBIN_C,12_ROBIN_C
Bachelor,12,12_ASHLEE_W,,R,,E,,,,,,,,D8,D10,D6,,,,,,,_ASHLEE_W,12_ASHLEE_W
Bachelor,12,12_KELLY_D,,,,E,,,,,,,,D7,D10,D6,,,,,,,_KELLY_D,12_KELLY_D
Bachelor,12,12_HOLLY_D,,,R,ED,,,,,,,,D8,D1,D2,,,,,,,_HOLLY_D,12_HOLLY_D
Bachelor,12,12_AMY_R,,,E,,,,,,,,,D7,D10,,,,,,,,_AMY_R,12_AMY_R
Bachelor,12,12_ERIN_S,,,E,,,,,,,,,D7,D10,,,,,,,,_ERIN_S,12_ERIN_S
Bachelor,12,12_KRISTINE_H,,,E,,,,,,,,,D8,D10,,,,,,,,_KRISTINE_H,12_KRISTINE_H
Bachelor,12,12_CARRI_P,,E,,,,,,,,,,D7,,,,,,,,,_CARRI_P,12_CARRI_P
Bachelor,12,12_ERIN_H,,E,,,,,,,,,,D8,,,,,,,,,_ERIN_H,12_ERIN_H
Bachelor,12,12_MICHELLE_P,,E,,,,,,,,,,D8,,,,,,,,,_MICHELLE_P,12_MICHELLE_P
Bachelor,12,12_ALYSSA_G,E,,,,,,,,,,,,,,,,,,,,_ALYSSA_G,12_ALYSSA_G
Bachelor,12,12_AMANDA_P,E,,,,,,,,,,,,,,,,,,,,_AMANDA_P,12_AMANDA_P
Bachelor,12,12_DENISE_H,E,,,,,,,,,,,,,,,,,,,,_DENISE_H,12_DENISE_H
Bachelor,12,12_DEVON_A,E,,,,,,,,,,,,,,,,,,,,_DEVON_A,12_DEVON_A
Bachelor,12,12_LESLEY_G,E,,,,,,,,,,,,,,,,,,,,_LESLEY_G,12_LESLEY_G
Bachelor,12,12_MICHELE_R,E,,,,,,,,,,,,,,,,,,,,_MICHELE_R,12_MICHELE_R
Bachelor,12,12_REBECCA_L,E,,,,,,,,,,,,,,,,,,,,_REBECCA_L,12_REBECCA_L
Bachelor,12,12_STACEY_E,E,,,,,,,,,,,,,,,,,,,,_STACEY_E,12_STACEY_E
Bachelor,12,12_TAMARA_S,E,,,,,,,,,,,,,,,,,,,,_TAMARA_S,12_TAMARA_S
Bachelor,12,12_TIFFANY_T,E,,,,,,,,,,,,,,,,,,,,_TIFFANY_T,12_TIFFANY_T
Bachelor,SEASON,ID,1,2,3,4,5,6,7,8,9,10,1,2,3,4,5,6,7,8,9,10,,SEASON
Bachelor,11,11_DEANNA_P,,R,,R,,,,E,,,,D7,D6,D2,D4,D1,D1,D1,,,_DEANNA_P,11_DEANNA_P
Bachelor,11,11_JENNI_C,R1,,,R,,,,E,,,,D7,D6,D1,D4,D1,D1,D1,,,_JENNI_C,11_JENNI_C
Bachelor,11,11_BETTINA_B,,,,R,,,E,,,,,D7,D5,D6,D1,D1,D1,,,,_BETTINA_B,11_BETTINA_B
Bachelor,11,11_SHEENA_S,,,,,,E,,,,,,D7,D5,D6,D1,D1,,,,,_SHEENA_S,11_SHEENA_S
Bachelor,11,11_HILARY_R,,,R,,E,,,,,,,D7,D1,D6,D4,,,,,,_HILARY_R,11_HILARY_R
Bachelor,11,11_KRISTY_K,,,R,,E,,,,,,,D7,D5,D6,D4,,,,,,_KRISTY_K,11_KRISTY_K
Bachelor,11,11_STEPHY_K,,,R,E,,,,,,,,D7,D6,D6,,,,,,,_STEPHY_K,11_STEPHY_K
Bachelor,11,11_JADE_B,,,,ED,,,,,,,,D7,D5,D2,,,,,,,_JADE_B,11_JADE_B
Bachelor,11,11_MCCARTEN_D,,,,E,,,,,,,,D7,D6,D6,,,,,,,_MCCARTEN_D,11_MCCARTEN_D
Bachelor,11,11_LINDSEY_H,,,E,,,,,,,,,D7,D6,,,,,,,,_LINDSEY_H,11_LINDSEY_H
Bachelor,11,11_SARAH_N,,R,E,,,,,,,,,D7,D6,,,,,,,,_SARAH_N,11_SARAH_N
Bachelor,11,11_SOLISA_S,,,E,,,,,,,,,D7,D5,,,,,,,,_SOLISA_S,11_SOLISA_S
Bachelor,11,11_MICHELE_L,,EQ,,,,,,,,,,,,,,,,,,,_MICHELE_L,11_MICHELE_L
Bachelor,11,11_MALLORY_S,,E,,,,,,,,,,D7,,,,,,,,,_MALLORY_S,11_MALLORY_S
Bachelor,11,11_ERIN_G,,E,,,,,,,,,,D7,,,,,,,,,_ERIN_G,11_ERIN_G
Bachelor,11,11_JESSICA_K,E,,,,,,,,,,,,,,,,,,,,_JESSICA_K,11_JESSICA_K
Bachelor,11,11_JULI_G,E,,,,,,,,,,,,,,,,,,,,_JULI_G,11_JULI_G
Bachelor,11,11_KIM_O,E,,,,,,,,,,,,,,,,,,,,_KIM_O,11_KIM_O
Bachelor,11,11_LORI_L,E,,,,,,,,,,,,,,,,,,,,_LORI_L,11_LORI_L
Bachelor,11,11_MELISSA_B,E,,,,,,,,,,,,,,,,,,,,_MELISSA_B,11_MELISSA_B
Bachelor,11,11_MORGAN_B,E,,,,,,,,,,,,,,,,,,,,_MORGAN_B,11_MORGAN_B
Bachelor,11,11_NATALIE_V,E,,,,,,,,,,,,,,,,,,,,_NATALIE_V,11_NATALIE_V
Bachelor,11,11_REGINA_D,E,,,,,,,,,,,,,,,,,,,,_REGINA_D,11_REGINA_D
Bachelor,11,11_TAUNI_N,E,,,,,,,,,,,,,,,,,,,,_TAUNI_N,11_TAUNI_N
Bachelor,11,11_SUSAN_S,E,,,,,,,,,,,,,,,,,,,,_SUSAN_S,11_SUSAN_S
Bachelor,SEASON,ID,1,2,3,4,5,6,7,8,9,10,1,2,3,4,5,6,7,8,9,10,,SEASON
Bachelor,10,10_TESSA_H,,,R,,,,,W,,,,D7,D2,D4,D1,D1,D1,D1,,,_TESSA_H,10_TESSA_H
Bachelor,10,10_BEVIN_P,,,R,,,,,E,,,,D7,,D4,D4,D1,D1,D1,,,_BEVIN_P,10_BEVIN_P
Bachelor,10,10_DANIELLE_I,,,,,,,E,,,,,D7,D4,D4,D4,D1,D1,,,,_DANIELLE_I,10_DANIELLE_I
Bachelor,10,10_AMBER_A,,,,R,,E,,,,,,D7,D5,D1,D4,D1,,,,,_AMBER_A,10_AMBER_A
Bachelor,10,10_STEPHANIE_W,,,,,E,,,,,,,D7,D5,D4,D1,,,,,,_STEPHANIE_W,10_STEPHANIE_W
Bachelor,10,10_TINA_W,,,,,E,,,,,,,D7,D5,D4,D4,,,,,,_TINA_W,10_TINA_W
Bachelor,10,10_KATE_B,,,,E,,,,,,,,D7,D4,D4,,,,,,,_KATE_B,10_KATE_B
Bachelor,10,10_NICOLE_C,,,,E,,,,,,,,D7,D5,D4,,,,,,,_NICOLE_C,10_NICOLE_C
Bachelor,10,10_STEPHANIE_T,R1,R,,E,,,,,,,,D1,D5,D4,,,,,,,_STEPHANIE_T,10_STEPHANIE_T
Bachelor,10,10_AMANDA_H,,,E,,,,,,,,,D7,D4,,,,,,,,_AMANDA_H,10_AMANDA_H
Bachelor,10,10_ERIN_P,,,E,,,,,,,,,D7,D4,,,,,,,,_ERIN_P,10_ERIN_P
Bachelor,10,10_PEYTON_W,,,ED,,,,,,,,,D7,D2,,,,,,,,_PEYTON_W,10_PEYTON_W
Bachelor,10,10_ALEXIS_Y,,E,,,,,,,,,,D7,,,,,,,,,_ALEXIS_Y,10_ALEXIS_Y
Bachelor,10,10_SUSAN_A,,E,,,,,,,,,,D7,,,,,,,,,_SUSAN_A,10_SUSAN_A
Bachelor,10,10_TIFFANY_W,,E,,,,,,,,,,D7,,,,,,,,,_TIFFANY_W,10_TIFFANY_W
Bachelor,10,10_BLAKENEY_R,E,,,,,,,,,,,,,,,,,,,,_BLAKENEY_R,10_BLAKENEY_R
Bachelor,10,10_CANDICE_D,E,,,,,,,,,,,,,,,,,,,,_CANDICE_D,10_CANDICE_D
Bachelor,10,10_CATHERINE_W,E,,,,,,,,,,,,,,,,,,,,_CATHERINE_W,10_CATHERINE_W
Bachelor,10,10_DANIELLE_V,E,,,,,,,,,,,,,,,,,,,,_DANIELLE_V,10_DANIELLE_V
Bachelor,10,10_JACKIE_T,E,,,,,,,,,,,,,,,,,,,,_JACKIE_T,10_JACKIE_T
Bachelor,10,10_JEANETTE_A,E,,,,,,,,,,,,,,,,,,,,_JEANETTE_A,10_JEANETTE_A
Bachelor,10,10_JESSICA_D,E,,,,,,,,,,,,,,,,,,,,_JESSICA_D,10_JESSICA_D
Bachelor,10,10_LINDA_M,E,,,,,,,,,,,,,,,,,,,,_LINDA_M,10_LINDA_M
Bachelor,10,10_LINDSAY_S,E,,,,,,,,,,,,,,,,,,,,_LINDSAY_S,10_LINDSAY_S
Bachelor,10,10_TIFFANY_F,E,,,,,,,,,,,,,,,,,,,,_TIFFANY_F,10_TIFFANY_F
Bachelor,SEASON,ID,1,2,3,4,5,6,7,8,9,10,1,2,3,4,5,6,7,8,9,10,,SEASON
Bachelor,9,09_JENNIFER_W,,R,,R,,,W,,,,,D6,D6,D1,D1,D1,D1,,,,_JENNIFER_W,9_JENNIFER_W
Bachelor,9,09_SADIE_M,,R,,R,,,E,,,,,D5,D6,D1,D1,D1,D1,,,,_SADIE_M,9_SADIE_M
Bachelor,9,09_LISA_B,R1,R,,,,E,,,,,,D1,D6,D4,D1,D1,,,,,_LISA_B,9_LISA_B
Bachelor,9,09_AGNESE_P,,,R,,E,,,,,,,D5,D2,D4,D1,,,,,,_AGNESE_P,9_AGNESE_P
Bachelor,9,09_JEANETTE_P,,,R,E,,,,,,,,D6,D6,D4,,,,,,,_JEANETTE_P,9_JEANETTE_P
Bachelor,9,09_DESIREE_V,,,,E,,,,,,,,D6,D6,D4,,,,,,,_DESIREE_V,9_DESIREE_V
Bachelor,9,09_JAMI_M,,,ED,,,,,,,,,D5,D1,,,,,,,,_JAMI_M,9_JAMI_M
Bachelor,9,09_GINA_C,,,E,,,,,,,,,D6,D6,,,,,,,,_GINA_C,9_GINA_C
Bachelor,9,09_ERICA_R,,,ED,,,,,,,,,D5,D2,,,,,,,,_ERICA_R,9_ERICA_R
Bachelor,9,09_SARAH_S,,E,,,,,,,,,,D6,,,,,,,,,_SARAH_S,9_SARAH_S
Bachelor,9,09_KIM_J,,E,,,,,,,,,,D6,,,,,,,,,_KIM_J,9_KIM_J
Bachelor,9,09_ELLEN_D,,E,,,,,,,,,,D5,,,,,,,,,_ELLEN_D,9_ELLEN_D
Bachelor,9,09_TARA_D,E,,,,,,,,,,,,,,,,,,,,_TARA_D,9_TARA_D
Bachelor,9,09_ROSELLA_F,E,,,,,,,,,,,,,,,,,,,,_ROSELLA_F,9_ROSELLA_F
Bachelor,9,09_RITA_G,E,,,,,,,,,,,,,,,,,,,,_RITA_G,9_RITA_G
Bachelor,9,09_RENEE_S,E,,,,,,,,,,,,,,,,,,,,_RENEE_S,9_RENEE_S
Bachelor,9,09_MERI_B,E,,,,,,,,,,,,,,,,,,,,_MERI_B,9_MERI_B
Bachelor,9,09_LAURA_M,E,,,,,,,,,,,,,,,,,,,,_LAURA_M,9_LAURA_M
Bachelor,9,09_JESSICA_H,E,,,,,,,,,,,,,,,,,,,,_JESSICA_H,9_JESSICA_H
Bachelor,9,09_HEATHER_S,E,,,,,,,,,,,,,,,,,,,,_HEATHER_S,9_HEATHER_S
Bachelor,9,09_ELYSE_H,E,,,,,,,,,,,,,,,,,,,,_ELYSE_H,9_ELYSE_H
Bachelor,9,09_COSETTA_B,E,,,,,,,,,,,,,,,,,,,,_COSETTA_B,9_COSETTA_B
Bachelor,9,09_CLAUDIA_G,E,,,,,,,,,,,,,,,,,,,,_CLAUDIA_G,9_CLAUDIA_G
Bachelor,9,09_CARISSA_I,E,,,,,,,,,,,,,,,,,,,,_CARISSA_I,9_CARISSA_I
Bachelor,9,09_BOWE_N,E,,,,,,,,,,,,,,,,,,,,_BOWE_N,9_BOWE_N
Bachelor,9,09_ANDREA_S,E,,,,,,,,,,,,,,,,,,,,_ANDREA_S,9_ANDREA_S
Bachelor,9,09_APRIL_J,E,,,,,,,,,,,,,,,,,,,,_APRIL_J,9_APRIL_J
Bachelor,SEASON,ID,1,2,3,4,5,6,7,8,9,10,1,2,3,4,5,6,7,8,9,10,,SEASON
Bachelor,8,08_Sarah_S,,,,R,,,W,,,,,D12,D5,D1,D1,D1,D1,,,,_Sarah_S,8_Sarah_S
Bachelor,8,08_Moana,,,R,,,,E,,,,,"D6, D12",D5,D4,D1,D1,D1,,,,_Moana,8_Moana
Bachelor,8,08_Susan,,,R,,,E,,,,,,"D6, D12",D1,D4,D1,D1,,,,,_Susan,8_Susan
Bachelor,8,08_Sarah_B,,,R,,E,,,,,,,"D6, D12",D2,D4,D1,,,,,,_Sarah_B,8_Sarah_B
Bachelor,8,08_Jehan,,R,,E,,,,,,,,D12,D5,D1,,,,,,,_Jehan,8_Jehan
Bachelor,8,08_Tara,,R,,E,,,,,,,,"D6, D12",D5,D4,,,,,,,_Tara,8_Tara
Bachelor,8,08_Jennifer,,,ED,,,,,,,,,"D6, D12",D2,,,,,,,,_Jennifer,8_Jennifer
Bachelor,8,08_Shiloh,,,E,,,,,,,,,"D6, D12",D5,,,,,,,,_Shiloh,8_Shiloh
Bachelor,8,08_Cole,,E,,,,,,,,,,D12,,,,,,,,,_Cole,8_Cole
Bachelor,8,08_Yvonne,,E,,,,,,,,,,D12,,,,,,,,,_Yvonne,8_Yvonne
Bachelor,8,08_Elizabeth,,E,,,,,,,,,,D12,,,,,,,,,_Elizabeth,8_Elizabeth
Bachelor,8,08_Kristen,,ED,,,,,,,,,,"D1, D12",,,,,,,,,_Kristen,8_Kristen
Bachelor,8,08_Stephanie,E,,,,,,,,,,,,,,,,,,,,_Stephanie,8_Stephanie
Bachelor,8,08_Ali_D,E,,,,,,,,,,,,,,,,,,,,_Ali_D,8_Ali_D
Bachelor,8,08_Allie_G,E,,,,,,,,,,,,,,,,,,,,_Allie_G,8_Allie_G
Bachelor,8,08_April,E,,,,,,,,,,,,,,,,,,,,_April,8_April
Bachelor,8,08_Cortney,E,,,,,,,,,,,,,,,,,,,,_Cortney,8_Cortney
Bachelor,8,08_Jaime,E,,,,,,,,,,,,,,,,,,,,_Jaime,8_Jaime
Bachelor,8,08_Kathy,E,,,,,,,,,,,,,,,,,,,,_Kathy,8_Kathy
Bachelor,8,08_Kyle,E,,,,,,,,,,,,,,,,,,,,_Kyle,8_Kyle
Bachelor,8,08_Lisa,E,,,,,,,,,,,,,,,,,,,,_Lisa,8_Lisa
Bachelor,8,08_Liza,E,,,,,,,,,,,,,,,,,,,,_Liza,8_Liza
Bachelor,8,08_Princess,E,,,,,,,,,,,,,,,,,,,,_Princess,8_Princess
Bachelor,8,08_Sara_H,E,,,,,,,,,,,,,,,,,,,,_Sara_H,8_Sara_H
Bachelor,8,08_Venus,E,,,,,,,,,,,,,,,,,,,,_Venus,8_Venus
Bachelor,SEASON,ID,1,2,3,4,5,6,7,8,9,10,1,2,3,4,5,6,7,8,9,10,,SEASON
Bachelor,7,07_Sarah B.,,,,R,,,W,,,,D9,D10,D6,D1,D1,D1,D1,,,,_Sarah B.,7_Sarah B.
Bachelor,7,07_Krisily,R,,,,,,EU,,,,D9,D10,D6,D5,D1,D1,D1,,,,_Krisily,7_Krisily
Bachelor,7,07_Sarah W.,R1,R,,,,E,,,,,D9,D1,D6,D5,D1,D1,,,,,_Sarah W.,7_Sarah W.
Bachelor,7,07_Kimberly,R,R,R,,E,,,,,,D6,D10,D1,D5,D1,,,,,,_Kimberly,7_Kimberly
Bachelor,7,07_Anitra,R,,,E,,,,,,,D5,D10,D6,D5,,,,,,,_Anitra,7_Anitra
Bachelor,7,07_Kindle,R,,,E,,,,,,,D5,D10,D6,D5,,,,,,,_Kindle,7_Kindle
Bachelor,7,07_Kara,,R,EU,,,,,,,,D9,D10,D1,,,,,,,,_Kara,7_Kara
Bachelor,7,07_Jenny,R,,E,,,,,,,,D6,D10,D6,,,,,,,,_Jenny,7_Jenny
Bachelor,7,07_Kerry,R1,E,,,,,,,,,D6,D10,,,,,,,,,_Kerry,7_Kerry
Bachelor,7,07_Carrie,,E,,,,,,,,,D6,D10,,,,,,,,,_Carrie,7_Carrie
Bachelor,7,07_Gina Marie,,E,,,,,,,,,D9,D10,,,,,,,,,_Gina Marie,7_Gina Marie
Bachelor,7,07_Megan,,EU,,,,,,,,,D5,D1,,,,,,,,,_Megan,7_Megan
Bachelor,7,07_Brenda,EU,,,,,,,,,,,,,,,,,,,,_Brenda,7_Brenda
Bachelor,7,07_Kristina,EU,,,,,,,,,,,,,,,,,,,,_Kristina,7_Kristina
Bachelor,7,07_Debby,EU,,,,,,,,,,,,,,,,,,,,_Debby,7_Debby
Bachelor,7,07_Katie,EU,,,,,,,,,,,,,,,,,,,,_Katie,7_Katie
Bachelor,7,07_Heather,EU,,,,,,,,,,,,,,,,,,,,_Heather,7_Heather
Bachelor,7,07_Kristen,E,,,,,,,,,,D5,,,,,,,,,,_Kristen,7_Kristen
Bachelor,7,07_Kyshawn,E,,,,,,,,,,D9,,,,,,,,,,_Kyshawn,7_Kyshawn
Bachelor,7,07_Siomara,E,,,,,,,,,,D9,,,,,,,,,,_Siomara,7_Siomara
Bachelor,7,07_Emilie,E,,,,,,,,,,D5,,,,,,,,,,_Emilie,7_Emilie
Bachelor,7,07_Kristine,E,,,,,,,,,,D9,,,,,,,,,,_Kristine,7_Kristine
Bachelor,7,07_Geitan,E,,,,,,,,,,D9,,,,,,,,,,_Geitan,7_Geitan
Bachelor,7,07_Valerie,E,,,,,,,,,,D6,,,,,,,,,,_Valerie,7_Valerie
Bachelor,7,07_Danushka,E,,,,,,,,,,D6,,,,,,,,,,_Danushka,7_Danushka
Bachelor,SEASON,ID,1,2,3,4,5,6,7,8,9,10,1,2,3,4,5,6,7,8,9,10,,SEASON
Bachelor,6,06_Mary,,,,,,,,W,,,,,D2,,D1,D1,D1,D1,,,_Mary,6_Mary
Bachelor,6,06_Tanya,,,,,,,,E,,,,,,D1,,D1,D1,D1,,,_Tanya,6_Tanya
Bachelor,6,06_Cynthia,,,,,,,E,,,,,,,,D1,D1,D1,,,,_Cynthia,6_Cynthia
Bachelor,6,06_Cheresse,,,,,,E,,,,,,D1,,,,,,,,,_Cheresse,6_Cheresse
Bachelor,6,06_Andrea,,,,,E,,,,,,,,D1,,,,,,,,_Andrea,6_Andrea
Bachelor,6,06_Jayne,,,,,E,,,,,,,D1,,,D1,,,,,,_Jayne,6_Jayne
Bachelor,6,06_Krysta,,,,E,,,,,,,,,,,,,,,,,_Krysta,6_Krysta
Bachelor,6,06_Elizabeth,,,,E,,,,,,,,,,D1,,,,,,,_Elizabeth,6_Elizabeth
Bachelor,6,06_Amanda,,,E,,,,,,,,,,,,,,,,,,_Amanda,6_Amanda
Bachelor,6,06_Kristie,,,E,,,,,,,,,,,,,,,,,,_Kristie,6_Kristie
Bachelor,6,06_Susie,,,E,,,,,,,,,,,,,,,,,,_Susie,6_Susie
Bachelor,6,06_Heather,,,E,,,,,,,,,,D2,,,,,,,,_Heather,6_Heather
Bachelor,6,06_Wende,,E,,,,,,,,,,,,,,,,,,,_Wende,6_Wende
Bachelor,6,06_Natalie,,E,,,,,,,,,,,,,,,,,,,_Natalie,6_Natalie
Bachelor,6,06_Ashley,,E,,,,,,,,,,,,,,,,,,,_Ashley,6_Ashley
Bachelor,6,06_Kelley,,E,,,,,,,,,,,,,,,,,,,_Kelley,6_Kelley
Bachelor,6,06_Leina,,EQ,,,,,,,,,,,,,,,,,,,_Leina,6_Leina
Bachelor,6,06_Carolyn,E,,,,,,,,,,,,,,,,,,,,_Carolyn,6_Carolyn
Bachelor,6,06_Amy,E,,,,,,,,,,,,,,,,,,,,_Amy,6_Amy
Bachelor,6,06_Lisa,E,,,,,,,,,,,,,,,,,,,,_Lisa,6_Lisa
Bachelor,6,06_Nicole,E,,,,,,,,,,,,,,,,,,,,_Nicole,6_Nicole
Bachelor,6,06_Kerry,E,,,,,,,,,,,,,,,,,,,,_Kerry,6_Kerry
Bachelor,6,06_Alma,E,,,,,,,,,,,,,,,,,,,,_Alma,6_Alma
Bachelor,6,06_Kristin,E,,,,,,,,,,,,,,,,,,,,_Kristin,6_Kristin
Bachelor,6,06_Jennifer,E,,,,,,,,,,,,,,,,,,,,_Jennifer,6_Jennifer
Bachelor,6,06_Abby,E,,,,,,,,,,,,,,,,,,,,_Abby,6_Abby
Bachelor,6,06_Melinda,E,,,,,,,,,,,,,,,,,,,,_Melinda,6_Melinda
Bachelor,SEASON,ID,1,2,3,4,5,6,7,8,9,10,1,2,3,4,5,6,7,8,9,10,,SEASON
Bachelor,5,05_JESSICA_B,,,,,,,W,,,,,D7,D6,D1,D1,D1,D1,,,,_JESSICA_B,5_JESSICA_B
Bachelor,5,05_TARA_H,,,,,,,E,,,,,D7,D1,D1,D1,D1,D1,,,,_TARA_H,5_TARA_H
Bachelor,5,05_MANDY_J,,,,,,E,,,,,,D7,D2,D1,D1,D1,,,,,_MANDY_J,5_MANDY_J
Bachelor,5,05_TRISH_S,R1,,,,E,,,,,,,D1,D2,D3,D1,,,,,,_TRISH_S,5_TRISH_S
Bachelor,5,05_SUZIE_W,,,,E,,,,,,,,D8,D1,D3,,,,,,,_SUZIE_W,5_SUZIE_W
Bachelor,5,05_KAREN_L,,,,E,,,,,,,,D7,D6,D3,,,,,,,_KAREN_L,5_KAREN_L
Bachelor,5,05_JESSICA_H,,,E,,,,,,,,,D8,D6,,,,,,,,_JESSICA_H,5_JESSICA_H
Bachelor,5,05_JULIE_D,,,E,,,,,,,,,D7,D6,,,,,,,,_JULIE_D,5_JULIE_D
Bachelor,5,05_JENNY_S,,,E,,,,,,,,,D8,D6,,,,,,,,_JENNY_S,5_JENNY_S
Bachelor,5,05_KATIE_G,,,E,,,,,,,,,D7,D6,,,,,,,,_KATIE_G,5_KATIE_G
Bachelor,5,05_JEANMARIE_C,,E,,,,,,,,,,D8,,,,,,,,,_JEANMARIE_C,5_JEANMARIE_C
Bachelor,5,05_ANNECATHERINE_L,,E,,,,,,,,,,D8,,,,,,,,,_ANNECATHERINE_L,5_ANNECATHERINE_L
Bachelor,5,05_AMBER_L,,E,,,,,,,,,,D8,,,,,,,,,_AMBER_L,5_AMBER_L
Bachelor,5,05_MANDY_C,,E,,,,,,,,,,D8,,,,,,,,,_MANDY_C,5_MANDY_C
Bachelor,5,05_KRISTY_R,,E,,,,,,,,,,D8,,,,,,,,,_KRISTY_R,5_KRISTY_R
Bachelor,5,05_CELESTE_C,,E,,,,,,,,,,D7,,,,,,,,,_CELESTE_C,5_CELESTE_C
Bachelor,5,05_JENNY_M,E,,,,,,,,,,,,,,,,,,,,_JENNY_M,5_JENNY_M
Bachelor,5,05_DEBBIE_M,E,,,,,,,,,,,,,,,,,,,,_DEBBIE_M,5_DEBBIE_M
Bachelor,5,05_DOLORES_F,E,,,,,,,,,,,,,,,,,,,,_DOLORES_F,5_DOLORES_F
Bachelor,5,05_FRANCINE_J,E,,,,,,,,,,,,,,,,,,,,_FRANCINE_J,5_FRANCINE_J
Bachelor,5,05_DESHAUN_W,E,,,,,,,,,,,,,,,,,,,,_DESHAUN_W,5_DESHAUN_W
Bachelor,5,05_JESSICA_K,E,,,,,,,,,,,,,,,,,,,,_JESSICA_K,5_JESSICA_K
Bachelor,5,05_HOLLY_R,E,,,,,,,,,,,,,,,,,,,,_HOLLY_R,5_HOLLY_R
Bachelor,5,05_RACHEL_C,E,,,,,,,,,,,,,,,,,,,,_RACHEL_C,5_RACHEL_C
Bachelor,5,05_KRISTIN_C,E,,,,,,,,,,,,,,,,,,,,_KRISTIN_C,5_KRISTIN_C
Bachelor,SEASON,ID,1,2,3,4,5,6,7,8,9,10,1,2,3,4,5,6,7,8,9,10,,SEASON
Bachelor,4,04_Kelly-Jo,,,,,,,E,,,,,D4,D3,D1,D1,D1,D1,,,,_Kelly-Jo,4_Kelly-Jo
Bachelor,4,04_Estella,,,,,,,W,,,,,D5,D5,D1,D1,D1,D1,,,,_Estella,4_Estella
Bachelor,4,04_Mary,,,,,,E,,,,,,D6,D3,D1,D1,D1,,,,,_Mary,4_Mary
Bachelor,4,04_Meredith,,,,,E,,,,,,,D4,D1,D3,D1,,,,,,_Meredith,4_Meredith
Bachelor,4,04_Brooke,,,,E,,,,,,,,D4,D5,D3,,,,,,,_Brooke,4_Brooke
Bachelor,4,04_Lee-Ann,,,,E,,,,,,,,D6,D1,D3,,,,,,,_Lee-Ann,4_Lee-Ann
Bachelor,4,04_Misty,,,E,,,,,,,,,D5,D3,,,,,,,,_Misty,4_Misty
Bachelor,4,04_Karin,,,E,,,,,,,,,D4,D5,,,,,,,,_Karin,4_Karin
Bachelor,4,04_Jenny,,,E,,,,,,,,,D6,D5,,,,,,,,_Jenny,4_Jenny
Bachelor,4,04_Antoinette,,,E,,,,,,,,,D6,D5,,,,,,,,_Antoinette,4_Antoinette
Bachelor,4,04_Lindsay_clippers,,ED,,,,,,,,,,D5,,,,,,,,,_Lindsay_clippers,4_Lindsay_clippers
Bachelor,4,04_Lindsay,,E,,,,,,,,,,D6,,,,,,,,,_Lindsay,4_Lindsay
Bachelor,4,04_Lanah,,E,,,,,,,,,,D6,,,,,,,,,_Lanah,4_Lanah
Bachelor,4,04_Jenn,,E,,,,,,,,,,D5,,,,,,,,,_Jenn,4_Jenn
Bachelor,4,04_Christine,,E,,,,,,,,,,D5,,,,,,,,,_Christine,4_Christine
Bachelor,4,04_Darla,E,,,,,,,,,,,,,,,,,,,,_Darla,4_Darla
Bachelor,4,04_Stacey,E,,,,,,,,,,,,,,,,,,,,_Stacey,4_Stacey
Bachelor,4,04_Shea,E,,,,,,,,,,,,,,,,,,,,_Shea,4_Shea
Bachelor,4,04_Heather,E,,,,,,,,,,,,,,,,,,,,_Heather,4_Heather
Bachelor,4,04_Lauren,E,,,,,,,,,,,,,,,,,,,,_Lauren,4_Lauren
Bachelor,4,04_Kristi,E,,,,,,,,,,,,,,,,,,,,_Kristi,4_Kristi
Bachelor,4,04_Samentha,E,,,,,,,,,,,,,,,,,,,,_Samentha,4_Samentha
Bachelor,4,04_Leona,E,,,,,,,,,,,,,,,,,,,,_Leona,4_Leona
Bachelor,4,04_Julie,E,,,,,,,,,,,,,,,,,,,,_Julie,4_Julie
Bachelor,4,04_Shelly,E,,,,,,,,,,,,,,,,,,,,_Shelly,4_Shelly
Bachelor,SEASON,ID,1,2,3,4,5,6,7,8,9,10,1,2,3,4,5,6,7,8,1,2,,SEASON
Bachelor,3,03_JEN_X,,,,,,,W,,,,,D5,D5,D1,D1,D1,D1,,,,_JEN_X,3_JEN_X
Bachelor,3,03_KIRSTEN_X,,,,,,,E,,,,,D5,D1,D1,D1,D1,D1,,,,_KIRSTEN_X,3_KIRSTEN_X
Bachelor,3,03_TINA_X,,,,,,E,,,,,,D5,D5,D3,D1,D1,,,,,_TINA_X,3_TINA_X
Bachelor,3,03_CRISTINA_X,,,,E,E,,,,,,,D5,D3,D3,D1,,,,,,_CRISTINA_X,3_CRISTINA_X
Bachelor,3,03_LIZ_X,,,,E,,,,,,,,D5,D3,D3,,,,,,,_LIZ_X,3_LIZ_X
Bachelor,3,03_ANN_MICHELLE_X,,,,E,,,,,,,,D5,D3,D1,,,,,,,_ANN_MICHELLE_X,3_ANN_MICHELLE_X
Bachelor,3,03_AUDREE_X,,,E,,,,,,,,,D5,D5,,,,,,,,_AUDREE_X,3_AUDREE_X
Bachelor,3,03_AMBER_X,,,E,,,,,,,,,D5,D1,,,,,,,,_AMBER_X,3_AMBER_X
Bachelor,3,03_HEATHER_X,,,E,,,,,,,,,D5,D5,,,,,,,,_HEATHER_X,3_HEATHER_X
Bachelor,3,03_TINA_X,,,E,,,,,,,,,D5,D5,,,,,,,,_TINA_X,3_TINA_X
Bachelor,3,03_RACHEL_X,,E,,,,,,,,,,D5,,,,,,,,,_RACHEL_X,3_RACHEL_X
Bachelor,3,03_AMY_X,,E,,,,,,,,,,D5,,,,,,,,,_AMY_X,3_AMY_X
Bachelor,3,03_SHANNON_X,,E,,,,,,,,,,D5,,,,,,,,,_SHANNON_X,3_SHANNON_X
Bachelor,3,03_ELIZABETH_X,,E,,,,,,,,,,D5,,,,,,,,,_ELIZABETH_X,3_ELIZABETH_X
Bachelor,3,03_CHRISTINA_X,,EQ,,,,,,,,,,D5,,,,,,,,,_CHRISTINA_X,3_CHRISTINA_X
Bachelor,3,03_KERRI_X,E,,,,,,,,,,,,,,,,,,,,_KERRI_X,3_KERRI_X
Bachelor,3,03_AMY_X,E,,,,,,,,,,,D5,,,,,,,,,_AMY_X,3_AMY_X
Bachelor,3,03_JENNIFER_X,E,,,,,,,,,,,,,,,,,,,,_JENNIFER_X,3_JENNIFER_X
Bachelor,3,03_COURTNEY_X,E,,,,,,,,,,,,,,,,,,,,_COURTNEY_X,3_COURTNEY_X
Bachelor,3,03_ANGELA_X,E,,,,,,,,,,,,,,,,,,,,_ANGELA_X,3_ANGELA_X
Bachelor,3,03_GINNY_X,E,,,,,,,,,,,,,,,,,,,,_GINNY_X,3_GINNY_X
Bachelor,3,03_BROOKE_X,E,,,,,,,,,,,,,,,,,,,,_BROOKE_X,3_BROOKE_X
Bachelor,3,03_STEPHANIE_X,E,,,,,,,,,,,,,,,,,,,,_STEPHANIE_X,3_STEPHANIE_X
Bachelor,3,03_TIFFANY_X,E,,,,,,,,,,,,,,,,,,,,_TIFFANY_X,3_TIFFANY_X
Bachelor,3,03_KRISTEN_X,E,,,,,,,,,,,,,,,,,,,,_KRISTEN_X,3_KRISTEN_X
Bachelor,SEASON,ID,1,2,3,4,5,6,7,8,9,10,1,2,3,4,5,6,7,8,9,10,,SEASON
Bachelor,2,02_HELENE_E,,,,,,,W,,,,,D5,D1,D1,D1,D1,D1,,,,_HELENE_E,2_HELENE_E
Bachelor,2,02_BROOKE_S,,,,,,,E,,,,,D5,D1,D3,D1,D1,,,,,_BROOKE_S,2_BROOKE_S
Bachelor,2,02_GWEN_G,,,,,,E,,,,,,D5,D3,D1,D1,D1,,,,,_GWEN_G,2_GWEN_G
Bachelor,2,02_ANGELA_X,,,,,E,,,,,,,D5,D5,D3,D1,,,,,,_ANGELA_X,2_ANGELA_X
Bachelor,2,02_HAYLEY_X,,,,E,,,,,,,,D5,D3,D3,,,,,,,_HAYLEY_X,2_HAYLEY_X
Bachelor,2,02_HEATHER_C,,,,E,,,,,,,,D5,D5,D1,,,,,,,_HEATHER_C,2_HEATHER_C
Bachelor,2,02_CHRISTI_X,,,E,,,,,,,,,D5,D5,,,,,,,,_CHRISTI_X,2_CHRISTI_X
Bachelor,2,02_HEATHER_X,,,E,,,,,,,,,D5,D5,,,,,,,,_HEATHER_X,2_HEATHER_X
Bachelor,2,02_KYLA_X,,,E,,,,,,,,,D5,D3,,,,,,,,_KYLA_X,2_KYLA_X
Bachelor,2,02_SHANNON_X,,,E,,,,,,,,,D5,D5,,,,,,,,_SHANNON_X,2_SHANNON_X
Bachelor,2,02_DANA_X,,E,,,,,,,,,,D5,,,,,,,,,_DANA_X,2_DANA_X
Bachelor,2,02_ERIN_X,,E,,,,,,,,,,D5,,,,,,,,,_ERIN_X,2_ERIN_X
Bachelor,2,02_SUZANNE_X,,E,,,,,,,,,,D5,,,,,,,,,_SUZANNE_X,2_SUZANNE_X
Bachelor,2,02_FRANCES_X,,EQ,,,,,,,,,,D5,,,,,,,,,_FRANCES_X,2_FRANCES_X
Bachelor,2,02_ANINDITA_X,,EQ,,,,,,,,,,D5,,,,,,,,,_ANINDITA_X,2_ANINDITA_X
Bachelor,2,02_AMBER_X,E,,,,,,,,,,,,,,,,,,,,_AMBER_X,2_AMBER_X
Bachelor,2,02_CAMILLE_X,E,,,,,,,,,,,,,,,,,,,,_CAMILLE_X,2_CAMILLE_X
Bachelor,2,02_CARI_X,E,,,,,,,,,,,,,,,,,,,,_CARI_X,2_CARI_X
Bachelor,2,02_CHRISTY_X,E,,,,,,,,,,,,,,,,,,,,_CHRISTY_X,2_CHRISTY_X
Bachelor,2,02_ERIN_X,E,,,,,,,,,,,,,,,,,,,,_ERIN_X,2_ERIN_X
Bachelor,2,02_FATIMA_X,E,,,,,,,,,,,,,,,,,,,,_FATIMA_X,2_FATIMA_X
Bachelor,2,02_LIANGY_X,E,,,,,,,,,,,,,,,,,,,,_LIANGY_X,2_LIANGY_X
Bachelor,2,02_LORI_X,E,,,,,,,,,,,,,,,,,,,,_LORI_X,2_LORI_X
Bachelor,2,02_MERILEE_X,E,,,,,,,,,,,,,,,,,,,,_MERILEE_X,2_MERILEE_X
Bachelor,SEASON,ID,1,2,3,4,5,6,7,8,9,10,1,2,3,4,5,6,7,8,9,10,,SEASON
Bachelor,1,01_AMANDA_M,,,,,,W,,,,,,D5,D1,D1,D1,D1,,,,,_AMANDA_M,1_AMANDA_M
Bachelor,1,01_TRISTA_R,,,,,,E,,,,,,D5,D1,D1,D1,D1,,,,,_TRISTA_R,1_TRISTA_R
Bachelor,1,01_SHANNON_O,,,,,E,,,,,,,D5,D1,D1,D1,,,,,,_SHANNON_O,1_SHANNON_O
Bachelor,1,01_KIM_X,,,,E,,,,,,,,D5,D4,D1,,,,,,,_KIM_X,1_KIM_X
Bachelor,1,01_CATHY_G,,,E,,,,,,,,,D5,D4,,,,,,,,_CATHY_G,1_CATHY_G
Bachelor,1,01_CHRISTINA_X,,,E,,,,,,,,,D5,D4,,,,,,,,_CHRISTINA_X,1_CHRISTINA_X
Bachelor,1,01_LANEASE_A,,,E,,,,,,,,,D5,D4,,,,,,,,_LANEASE_A,1_LANEASE_A
Bachelor,1,01_RHONDA_X,,,E,,,,,,,,,D5,D4,,,,,,,,_RHONDA_X,1_RHONDA_X
Bachelor,1,01_ALEXA_X,,E,,,,,,,,,,D5,,,,,,,,,_ALEXA_X,1_ALEXA_X
Bachelor,1,01_AMY_X,,E,,,,,,,,,,D5,,,,,,,,,_AMY_X,1_AMY_X
Bachelor,1,01_ANGELA_X,,E,,,,,,,,,,D5,,,,,,,,,_ANGELA_X,1_ANGELA_X
Bachelor,1,01_ANGELIQUE_X,,E,,,,,,,,,,D5,,,,,,,,,_ANGELIQUE_X,1_ANGELIQUE_X
Bachelor,1,01_KATIE_X,,E,,,,,,,,,,D5,,,,,,,,,_KATIE_X,1_KATIE_X
Bachelor,1,01_MELISSA_X,,E,,,,,,,,,,D5,,,,,,,,,_MELISSA_X,1_MELISSA_X
Bachelor,1,01_TINA_X,,E,,,,,,,,,,D5,,,,,,,,,_TINA_X,1_TINA_X
Bachelor,1,01_AMBER_X,E,,,,,,,,,,,,,,,,,,,,_AMBER_X,1_AMBER_X
Bachelor,1,01_DANIELA_X,E,,,,,,,,,,,,,,,,,,,,_DANIELA_X,1_DANIELA_X
Bachelor,1,01_DENISE_X,E,,,,,,,,,,,,,,,,,,,,_DENISE_X,1_DENISE_X
Bachelor,1,01_JACKIE_X,E,,,,,,,,,,,,,,,,,,,,_JACKIE_X,1_JACKIE_X
Bachelor,1,01_JILL_X,E,,,,,,,,,,,,,,,,,,,,_JILL_X,1_JILL_X
Bachelor,1,01_KRISTINA_X,E,,,,,,,,,,,,,,,,,,,,_KRISTINA_X,1_KRISTINA_X
Bachelor,1,01_LISA_X,E,,,,,,,,,,,,,,,,,,,,_LISA_X,1_LISA_X
Bachelor,1,01_PAULA_X,E,,,,,,,,,,,,,,,,,,,,_PAULA_X,1_PAULA_X
Bachelor,1,01_RACHEL_X,E,,,,,,,,,,,,,,,,,,,,_RACHEL_X,1_RACHEL_X
Bachelor,1,01_WENDI_X,E,,,,,,,,,,,,,,,,,,,,_WENDI_X,1_WENDI_X
